[debug] [2026-02-13T15:21:59.747Z] ----------------------------------------------------------------------
[debug] [2026-02-13T15:21:59.755Z] Command:       /Users/rambodrad/.nvm/versions/node/v20.19.5/bin/node /Users/rambodrad/.nvm/versions/node/v20.19.5/bin/firebase deploy --only functions --project quotechemfb
[debug] [2026-02-13T15:21:59.755Z] CLI Version:   14.15.2
[debug] [2026-02-13T15:21:59.755Z] Platform:      darwin
[debug] [2026-02-13T15:21:59.755Z] Node Version:  v20.19.5
[debug] [2026-02-13T15:21:59.755Z] Time:          Fri Feb 13 2026 08:21:59 GMT-0700 (Mountain Standard Time)
[debug] [2026-02-13T15:21:59.756Z] ----------------------------------------------------------------------
[debug] 
[debug] [2026-02-13T15:21:59.851Z] > command requires scopes: ["email","openid","https://www.googleapis.com/auth/cloudplatformprojects.readonly","https://www.googleapis.com/auth/firebase","https://www.googleapis.com/auth/cloud-platform"]
[debug] [2026-02-13T15:21:59.851Z] > authorizing via signed-in user (quotes@quotechem.com)
[debug] [2026-02-13T15:21:59.851Z] [iam] checking project quotechemfb for permissions ["cloudfunctions.functions.create","cloudfunctions.functions.delete","cloudfunctions.functions.get","cloudfunctions.functions.list","cloudfunctions.functions.update","cloudfunctions.operations.get","firebase.projects.get"]
[debug] [2026-02-13T15:21:59.852Z] Checked if tokens are valid: true, expires at: 1770999697476
[debug] [2026-02-13T15:21:59.852Z] Checked if tokens are valid: true, expires at: 1770999697476
[debug] [2026-02-13T15:21:59.852Z] >>> [apiv2][query] POST https://cloudresourcemanager.googleapis.com/v1/projects/quotechemfb:testIamPermissions [none]
[debug] [2026-02-13T15:21:59.852Z] >>> [apiv2][(partial)header] POST https://cloudresourcemanager.googleapis.com/v1/projects/quotechemfb:testIamPermissions x-goog-quota-user=projects/quotechemfb
[debug] [2026-02-13T15:21:59.852Z] >>> [apiv2][body] POST https://cloudresourcemanager.googleapis.com/v1/projects/quotechemfb:testIamPermissions {"permissions":["cloudfunctions.functions.create","cloudfunctions.functions.delete","cloudfunctions.functions.get","cloudfunctions.functions.list","cloudfunctions.functions.update","cloudfunctions.operations.get","firebase.projects.get"]}
[debug] [2026-02-13T15:22:00.038Z] <<< [apiv2][status] POST https://cloudresourcemanager.googleapis.com/v1/projects/quotechemfb:testIamPermissions 200
[debug] [2026-02-13T15:22:00.038Z] <<< [apiv2][body] POST https://cloudresourcemanager.googleapis.com/v1/projects/quotechemfb:testIamPermissions {"permissions":["cloudfunctions.functions.create","cloudfunctions.functions.delete","cloudfunctions.functions.get","cloudfunctions.functions.list","cloudfunctions.functions.update","cloudfunctions.operations.get","firebase.projects.get"]}
[debug] [2026-02-13T15:22:00.038Z] Checked if tokens are valid: true, expires at: 1770999697476
[debug] [2026-02-13T15:22:00.039Z] Checked if tokens are valid: true, expires at: 1770999697476
[debug] [2026-02-13T15:22:00.039Z] >>> [apiv2][query] POST https://iam.googleapis.com/v1/projects/quotechemfb/serviceAccounts/quotechemfb@appspot.gserviceaccount.com:testIamPermissions [none]
[debug] [2026-02-13T15:22:00.039Z] >>> [apiv2][body] POST https://iam.googleapis.com/v1/projects/quotechemfb/serviceAccounts/quotechemfb@appspot.gserviceaccount.com:testIamPermissions {"permissions":["iam.serviceAccounts.actAs"]}
[debug] [2026-02-13T15:22:00.379Z] <<< [apiv2][status] POST https://iam.googleapis.com/v1/projects/quotechemfb/serviceAccounts/quotechemfb@appspot.gserviceaccount.com:testIamPermissions 200
[debug] [2026-02-13T15:22:00.379Z] <<< [apiv2][body] POST https://iam.googleapis.com/v1/projects/quotechemfb/serviceAccounts/quotechemfb@appspot.gserviceaccount.com:testIamPermissions {"permissions":["iam.serviceAccounts.actAs"]}
[info] 
[info] === Deploying to 'quotechemfb'...
[info] 
[info] i  deploying functions 
[debug] [2026-02-13T15:22:00.384Z] Checked if tokens are valid: true, expires at: 1770999697476
[debug] [2026-02-13T15:22:00.384Z] Checked if tokens are valid: true, expires at: 1770999697476
[debug] [2026-02-13T15:22:00.384Z] >>> [apiv2][query] GET https://cloudresourcemanager.googleapis.com/v1/projects/quotechemfb [none]
[debug] [2026-02-13T15:22:00.512Z] <<< [apiv2][status] GET https://cloudresourcemanager.googleapis.com/v1/projects/quotechemfb 200
[debug] [2026-02-13T15:22:00.512Z] <<< [apiv2][body] GET https://cloudresourcemanager.googleapis.com/v1/projects/quotechemfb {"projectNumber":"112525021020","projectId":"quotechemfb","lifecycleState":"ACTIVE","name":"quotechemfb","labels":{"firebase":"enabled","firebase-core":"disabled"},"createTime":"2026-02-12T23:53:38.916557Z","parent":{"type":"organization","id":"915728744440"}}
[info] i  functions: preparing codebase default for deployment 
[info] i  functions: ensuring required API cloudfunctions.googleapis.com is enabled... 
[info] i  functions: ensuring required API cloudbuild.googleapis.com is enabled... 
[info] i  artifactregistry: ensuring required API artifactregistry.googleapis.com is enabled... 
[debug] [2026-02-13T15:22:00.516Z] Checked if tokens are valid: true, expires at: 1770999697476
[debug] [2026-02-13T15:22:00.516Z] Checked if tokens are valid: true, expires at: 1770999697476
[debug] [2026-02-13T15:22:00.516Z] >>> [apiv2][query] GET https://firebase.googleapis.com/v1beta1/projects/quotechemfb/adminSdkConfig [none]
[debug] [2026-02-13T15:22:00.993Z] <<< [apiv2][status] GET https://firebase.googleapis.com/v1beta1/projects/quotechemfb/adminSdkConfig 200
[debug] [2026-02-13T15:22:00.993Z] <<< [apiv2][body] GET https://firebase.googleapis.com/v1beta1/projects/quotechemfb/adminSdkConfig {"projectId":"quotechemfb","storageBucket":"quotechemfb.firebasestorage.app"}
[debug] [2026-02-13T15:22:00.994Z] Checked if tokens are valid: true, expires at: 1770999697476
[debug] [2026-02-13T15:22:00.994Z] Checked if tokens are valid: true, expires at: 1770999697476
[debug] [2026-02-13T15:22:00.995Z] >>> [apiv2][query] GET https://runtimeconfig.googleapis.com/v1beta1/projects/quotechemfb/configs [none]
[debug] [2026-02-13T15:22:01.256Z] <<< [apiv2][status] GET https://runtimeconfig.googleapis.com/v1beta1/projects/quotechemfb/configs 200
[debug] [2026-02-13T15:22:01.257Z] <<< [apiv2][body] GET https://runtimeconfig.googleapis.com/v1beta1/projects/quotechemfb/configs {}
[debug] [2026-02-13T15:22:01.259Z] Validating nodejs source
[warn] ⚠  functions: Runtime Node.js 20 will be deprecated on 2026-04-30 and will be decommissioned on 2026-10-30, after which you will not be able to deploy without upgrading. Consider upgrading now to avoid disruption. See https://cloud.google.com/functions/docs/runtime-support for full details on the lifecycle policy 
[warn] ⚠  functions: package.json indicates an outdated version of firebase-functions. Please upgrade using npm install --save firebase-functions@latest in your functions directory. 
[warn] ⚠  functions: Please note that there will be breaking changes when you upgrade. 
[debug] [2026-02-13T15:22:02.000Z] > [functions] package.json contents: {
  "name": "functions",
  "description": "Cloud Functions for Firebase",
  "scripts": {
    "serve": "firebase emulators:start --only functions",
    "shell": "firebase functions:shell",
    "start": "npm run shell",
    "deploy": "firebase deploy --only functions",
    "logs": "firebase functions:log"
  },
  "engines": {
    "node": "20"
  },
  "main": "index.js",
  "dependencies": {
    "firebase-admin": "^12.5.0",
    "firebase-functions": "^5.1.1",
    "fireblocks-sdk": "^5.38.0",
    "xrpl": "^4.4.0"
  },
  "devDependencies": {
    "firebase-functions-test": "^3.1.0"
  },
  "private": true,
  "type": "module"
}
[debug] [2026-02-13T15:22:02.001Z] Building nodejs source
[info] i  functions: Loading and analyzing source code for codebase default to determine what to deploy 
[debug] [2026-02-13T15:22:02.001Z] Could not find functions.yaml. Must use http discovery
[debug] [2026-02-13T15:22:02.022Z] Found firebase-functions binary at '/Users/rambodrad/quotechem/functions/node_modules/.bin/firebase-functions'
[info] Serving at port 8048

[debug] [2026-02-13T15:22:02.886Z] Got response from /__/functions.yaml {"endpoints":{"runStartupDiagnostics":{"availableMemoryMb":null,"timeoutSeconds":null,"minInstances":null,"maxInstances":null,"ingressSettings":null,"concurrency":null,"serviceAccountEmail":null,"vpc":null,"platform":"gcfv2","region":["us-central1"],"labels":{},"callableTrigger":{},"entryPoint":"runStartupDiagnostics"}},"specVersion":"v1alpha1","requiredAPIs":[],"extensions":{}}
[info] i  extensions: ensuring required API firebaseextensions.googleapis.com is enabled... 
[debug] [2026-02-13T15:22:06.913Z] Checked if tokens are valid: true, expires at: 1770999697476
[debug] [2026-02-13T15:22:06.914Z] Checked if tokens are valid: true, expires at: 1770999697476
[debug] [2026-02-13T15:22:06.914Z] >>> [apiv2][query] GET https://serviceusage.googleapis.com/v1/projects/quotechemfb/services/firebaseextensions.googleapis.com [none]
[debug] [2026-02-13T15:22:06.914Z] >>> [apiv2][(partial)header] GET https://serviceusage.googleapis.com/v1/projects/quotechemfb/services/firebaseextensions.googleapis.com x-goog-quota-user=projects/quotechemfb
[debug] [2026-02-13T15:22:07.233Z] <<< [apiv2][status] GET https://serviceusage.googleapis.com/v1/projects/quotechemfb/services/firebaseextensions.googleapis.com 200
[debug] [2026-02-13T15:22:07.234Z] <<< [apiv2][body] GET https://serviceusage.googleapis.com/v1/projects/quotechemfb/services/firebaseextensions.googleapis.com [omitted]
[warn] ⚠  extensions: missing required API firebaseextensions.googleapis.com. Enabling now... 
[debug] [2026-02-13T15:22:07.235Z] Checked if tokens are valid: true, expires at: 1770999697476
[debug] [2026-02-13T15:22:07.235Z] Checked if tokens are valid: true, expires at: 1770999697476
[debug] [2026-02-13T15:22:07.235Z] >>> [apiv2][query] POST https://serviceusage.googleapis.com/v1/projects/quotechemfb/services/firebaseextensions.googleapis.com:enable [none]
[debug] [2026-02-13T15:22:07.235Z] >>> [apiv2][(partial)header] POST https://serviceusage.googleapis.com/v1/projects/quotechemfb/services/firebaseextensions.googleapis.com:enable x-goog-quota-user=projects/quotechemfb
[debug] [2026-02-13T15:22:07.758Z] <<< [apiv2][status] POST https://serviceusage.googleapis.com/v1/projects/quotechemfb/services/firebaseextensions.googleapis.com:enable 200
[debug] [2026-02-13T15:22:07.758Z] <<< [apiv2][body] POST https://serviceusage.googleapis.com/v1/projects/quotechemfb/services/firebaseextensions.googleapis.com:enable [omitted]
[debug] [2026-02-13T15:22:17.777Z] > command requires scopes: ["email","openid","https://www.googleapis.com/auth/cloudplatformprojects.readonly","https://www.googleapis.com/auth/firebase","https://www.googleapis.com/auth/cloud-platform"]
[debug] [2026-02-13T15:22:17.778Z] > authorizing via signed-in user (quotes@quotechem.com)
[debug] [2026-02-13T15:22:17.778Z] [iam] checking project quotechemfb for permissions ["firebase.projects.get","firebaseextensions.instances.list"]
[debug] [2026-02-13T15:22:17.778Z] Checked if tokens are valid: true, expires at: 1770999697476
[debug] [2026-02-13T15:22:17.778Z] Checked if tokens are valid: true, expires at: 1770999697476
[debug] [2026-02-13T15:22:17.779Z] >>> [apiv2][query] POST https://cloudresourcemanager.googleapis.com/v1/projects/quotechemfb:testIamPermissions [none]
[debug] [2026-02-13T15:22:17.779Z] >>> [apiv2][(partial)header] POST https://cloudresourcemanager.googleapis.com/v1/projects/quotechemfb:testIamPermissions x-goog-quota-user=projects/quotechemfb
[debug] [2026-02-13T15:22:17.779Z] >>> [apiv2][body] POST https://cloudresourcemanager.googleapis.com/v1/projects/quotechemfb:testIamPermissions {"permissions":["firebase.projects.get","firebaseextensions.instances.list"]}
[debug] [2026-02-13T15:22:17.916Z] <<< [apiv2][status] POST https://cloudresourcemanager.googleapis.com/v1/projects/quotechemfb:testIamPermissions 200
[debug] [2026-02-13T15:22:17.916Z] <<< [apiv2][body] POST https://cloudresourcemanager.googleapis.com/v1/projects/quotechemfb:testIamPermissions {"permissions":["firebase.projects.get","firebaseextensions.instances.list"]}
[debug] [2026-02-13T15:22:17.917Z] Checked if tokens are valid: true, expires at: 1770999697476
[debug] [2026-02-13T15:22:17.917Z] Checked if tokens are valid: true, expires at: 1770999697476
[debug] [2026-02-13T15:22:17.919Z] >>> [apiv2][query] GET https://firebaseextensions.googleapis.com/v1beta/projects/quotechemfb/instances pageSize=100&pageToken=
[debug] [2026-02-13T15:22:19.534Z] <<< [apiv2][status] GET https://firebaseextensions.googleapis.com/v1beta/projects/quotechemfb/instances 200
[debug] [2026-02-13T15:22:19.534Z] <<< [apiv2][body] GET https://firebaseextensions.googleapis.com/v1beta/projects/quotechemfb/instances {}
[info] i  functions: preparing functions directory for uploading... 
[info] i  functions: packaged /Users/rambodrad/quotechem/functions (92.47 KB) for uploading 
[debug] [2026-02-13T15:22:19.583Z] Checked if tokens are valid: true, expires at: 1770999697476
[debug] [2026-02-13T15:22:19.583Z] Checked if tokens are valid: true, expires at: 1770999697476
[debug] [2026-02-13T15:22:19.583Z] >>> [apiv2][query] GET https://cloudfunctions.googleapis.com/v1/projects/quotechemfb/locations/-/functions [none]
[debug] [2026-02-13T15:22:20.313Z] <<< [apiv2][status] GET https://cloudfunctions.googleapis.com/v1/projects/quotechemfb/locations/-/functions 200
[debug] [2026-02-13T15:22:20.313Z] <<< [apiv2][body] GET https://cloudfunctions.googleapis.com/v1/projects/quotechemfb/locations/-/functions {}
[debug] [2026-02-13T15:22:20.314Z] Checked if tokens are valid: true, expires at: 1770999697476
[debug] [2026-02-13T15:22:20.314Z] Checked if tokens are valid: true, expires at: 1770999697476
[debug] [2026-02-13T15:22:20.314Z] >>> [apiv2][query] GET https://cloudfunctions.googleapis.com/v2/projects/quotechemfb/locations/-/functions filter=environment%3D%22GEN_2%22
[debug] [2026-02-13T15:22:20.743Z] <<< [apiv2][status] GET https://cloudfunctions.googleapis.com/v2/projects/quotechemfb/locations/-/functions 200
[debug] [2026-02-13T15:22:20.743Z] <<< [apiv2][body] GET https://cloudfunctions.googleapis.com/v2/projects/quotechemfb/locations/-/functions {}
[info] i  functions: ensuring required API run.googleapis.com is enabled... 
[debug] [2026-02-13T15:22:20.745Z] Checked if tokens are valid: true, expires at: 1770999697476
[debug] [2026-02-13T15:22:20.745Z] Checked if tokens are valid: true, expires at: 1770999697476
[info] i  functions: ensuring required API eventarc.googleapis.com is enabled... 
[debug] [2026-02-13T15:22:20.746Z] Checked if tokens are valid: true, expires at: 1770999697476
[debug] [2026-02-13T15:22:20.746Z] Checked if tokens are valid: true, expires at: 1770999697476
[info] i  functions: ensuring required API pubsub.googleapis.com is enabled... 
[debug] [2026-02-13T15:22:20.746Z] Checked if tokens are valid: true, expires at: 1770999697476
[debug] [2026-02-13T15:22:20.746Z] Checked if tokens are valid: true, expires at: 1770999697476
[info] i  functions: ensuring required API storage.googleapis.com is enabled... 
[debug] [2026-02-13T15:22:20.746Z] Checked if tokens are valid: true, expires at: 1770999697476
[debug] [2026-02-13T15:22:20.746Z] Checked if tokens are valid: true, expires at: 1770999697476
[debug] [2026-02-13T15:22:20.746Z] >>> [apiv2][query] GET https://serviceusage.googleapis.com/v1/projects/112525021020/services/run.googleapis.com [none]
[debug] [2026-02-13T15:22:20.746Z] >>> [apiv2][(partial)header] GET https://serviceusage.googleapis.com/v1/projects/112525021020/services/run.googleapis.com x-goog-quota-user=projects/112525021020
[debug] [2026-02-13T15:22:20.748Z] >>> [apiv2][query] GET https://serviceusage.googleapis.com/v1/projects/112525021020/services/eventarc.googleapis.com [none]
[debug] [2026-02-13T15:22:20.748Z] >>> [apiv2][(partial)header] GET https://serviceusage.googleapis.com/v1/projects/112525021020/services/eventarc.googleapis.com x-goog-quota-user=projects/112525021020
[debug] [2026-02-13T15:22:20.750Z] >>> [apiv2][query] GET https://serviceusage.googleapis.com/v1/projects/112525021020/services/pubsub.googleapis.com [none]
[debug] [2026-02-13T15:22:20.750Z] >>> [apiv2][(partial)header] GET https://serviceusage.googleapis.com/v1/projects/112525021020/services/pubsub.googleapis.com x-goog-quota-user=projects/112525021020
[debug] [2026-02-13T15:22:20.751Z] >>> [apiv2][query] GET https://serviceusage.googleapis.com/v1/projects/112525021020/services/storage.googleapis.com [none]
[debug] [2026-02-13T15:22:20.751Z] >>> [apiv2][(partial)header] GET https://serviceusage.googleapis.com/v1/projects/112525021020/services/storage.googleapis.com x-goog-quota-user=projects/112525021020
[debug] [2026-02-13T15:22:20.994Z] <<< [apiv2][status] GET https://serviceusage.googleapis.com/v1/projects/112525021020/services/run.googleapis.com 200
[debug] [2026-02-13T15:22:20.994Z] <<< [apiv2][body] GET https://serviceusage.googleapis.com/v1/projects/112525021020/services/run.googleapis.com [omitted]
[warn] ⚠  functions: missing required API run.googleapis.com. Enabling now... 
[debug] [2026-02-13T15:22:20.995Z] Checked if tokens are valid: true, expires at: 1770999697476
[debug] [2026-02-13T15:22:20.995Z] Checked if tokens are valid: true, expires at: 1770999697476
[debug] [2026-02-13T15:22:20.995Z] >>> [apiv2][query] POST https://serviceusage.googleapis.com/v1/projects/112525021020/services/run.googleapis.com:enable [none]
[debug] [2026-02-13T15:22:20.995Z] >>> [apiv2][(partial)header] POST https://serviceusage.googleapis.com/v1/projects/112525021020/services/run.googleapis.com:enable x-goog-quota-user=projects/112525021020
[debug] [2026-02-13T15:22:20.999Z] <<< [apiv2][status] GET https://serviceusage.googleapis.com/v1/projects/112525021020/services/storage.googleapis.com 200
[debug] [2026-02-13T15:22:20.999Z] <<< [apiv2][body] GET https://serviceusage.googleapis.com/v1/projects/112525021020/services/storage.googleapis.com [omitted]
[info] ✔  functions: required API storage.googleapis.com is enabled 
[debug] [2026-02-13T15:22:21.229Z] <<< [apiv2][status] GET https://serviceusage.googleapis.com/v1/projects/112525021020/services/eventarc.googleapis.com 200
[debug] [2026-02-13T15:22:21.229Z] <<< [apiv2][body] GET https://serviceusage.googleapis.com/v1/projects/112525021020/services/eventarc.googleapis.com [omitted]
[warn] ⚠  functions: missing required API eventarc.googleapis.com. Enabling now... 
[debug] [2026-02-13T15:22:21.229Z] Checked if tokens are valid: true, expires at: 1770999697476
[debug] [2026-02-13T15:22:21.229Z] Checked if tokens are valid: true, expires at: 1770999697476
[debug] [2026-02-13T15:22:21.230Z] >>> [apiv2][query] POST https://serviceusage.googleapis.com/v1/projects/112525021020/services/eventarc.googleapis.com:enable [none]
[debug] [2026-02-13T15:22:21.230Z] >>> [apiv2][(partial)header] POST https://serviceusage.googleapis.com/v1/projects/112525021020/services/eventarc.googleapis.com:enable x-goog-quota-user=projects/112525021020
[debug] [2026-02-13T15:22:21.232Z] <<< [apiv2][status] GET https://serviceusage.googleapis.com/v1/projects/112525021020/services/pubsub.googleapis.com 200
[debug] [2026-02-13T15:22:21.233Z] <<< [apiv2][body] GET https://serviceusage.googleapis.com/v1/projects/112525021020/services/pubsub.googleapis.com [omitted]
[info] ✔  functions: required API pubsub.googleapis.com is enabled 
[debug] [2026-02-13T15:22:21.358Z] <<< [apiv2][status] POST https://serviceusage.googleapis.com/v1/projects/112525021020/services/run.googleapis.com:enable 200
[debug] [2026-02-13T15:22:21.358Z] <<< [apiv2][body] POST https://serviceusage.googleapis.com/v1/projects/112525021020/services/run.googleapis.com:enable [omitted]
[debug] [2026-02-13T15:22:21.678Z] <<< [apiv2][status] POST https://serviceusage.googleapis.com/v1/projects/112525021020/services/eventarc.googleapis.com:enable 200
[debug] [2026-02-13T15:22:21.678Z] <<< [apiv2][body] POST https://serviceusage.googleapis.com/v1/projects/112525021020/services/eventarc.googleapis.com:enable [omitted]
[info] i  functions: generating the service identity for pubsub.googleapis.com... 
[debug] [2026-02-13T15:22:31.692Z] Checked if tokens are valid: true, expires at: 1770999697476
[debug] [2026-02-13T15:22:31.692Z] Checked if tokens are valid: true, expires at: 1770999697476
[info] i  functions: generating the service identity for eventarc.googleapis.com... 
[debug] [2026-02-13T15:22:31.692Z] Checked if tokens are valid: true, expires at: 1770999697476
[debug] [2026-02-13T15:22:31.693Z] Checked if tokens are valid: true, expires at: 1770999697476
[debug] [2026-02-13T15:22:31.693Z] >>> [apiv2][query] POST https://serviceusage.googleapis.com/v1beta1/projects/112525021020/services/pubsub.googleapis.com:generateServiceIdentity [none]
[debug] [2026-02-13T15:22:31.693Z] >>> [apiv2][(partial)header] POST https://serviceusage.googleapis.com/v1beta1/projects/112525021020/services/pubsub.googleapis.com:generateServiceIdentity x-goog-quota-user=projects/112525021020
[debug] [2026-02-13T15:22:31.693Z] >>> [apiv2][body] POST https://serviceusage.googleapis.com/v1beta1/projects/112525021020/services/pubsub.googleapis.com:generateServiceIdentity {}
[debug] [2026-02-13T15:22:31.697Z] >>> [apiv2][query] POST https://serviceusage.googleapis.com/v1beta1/projects/112525021020/services/eventarc.googleapis.com:generateServiceIdentity [none]
[debug] [2026-02-13T15:22:31.698Z] >>> [apiv2][(partial)header] POST https://serviceusage.googleapis.com/v1beta1/projects/112525021020/services/eventarc.googleapis.com:generateServiceIdentity x-goog-quota-user=projects/112525021020
[debug] [2026-02-13T15:22:31.698Z] >>> [apiv2][body] POST https://serviceusage.googleapis.com/v1beta1/projects/112525021020/services/eventarc.googleapis.com:generateServiceIdentity {}
[debug] [2026-02-13T15:22:32.524Z] <<< [apiv2][status] POST https://serviceusage.googleapis.com/v1beta1/projects/112525021020/services/pubsub.googleapis.com:generateServiceIdentity 200
[debug] [2026-02-13T15:22:32.525Z] <<< [apiv2][body] POST https://serviceusage.googleapis.com/v1beta1/projects/112525021020/services/pubsub.googleapis.com:generateServiceIdentity {"name":"operations/finished.DONE_OPERATION","done":true,"response":{"@type":"type.googleapis.com/google.api.serviceusage.v1beta1.ServiceIdentity","email":"service-112525021020@gcp-sa-pubsub.iam.gserviceaccount.com","uniqueId":"102294733369749161414"}}
[debug] [2026-02-13T15:22:32.525Z] <<< [apiv2][status] POST https://serviceusage.googleapis.com/v1beta1/projects/112525021020/services/eventarc.googleapis.com:generateServiceIdentity 200
[debug] [2026-02-13T15:22:32.525Z] <<< [apiv2][body] POST https://serviceusage.googleapis.com/v1beta1/projects/112525021020/services/eventarc.googleapis.com:generateServiceIdentity {"name":"operations/finished.DONE_OPERATION","done":true,"response":{"@type":"type.googleapis.com/google.api.serviceusage.v1beta1.ServiceIdentity","email":"service-112525021020@gcp-sa-eventarc.iam.gserviceaccount.com","uniqueId":"109765467799307950849"}}
[debug] [2026-02-13T15:22:32.529Z] Checked if tokens are valid: true, expires at: 1770999697476
[debug] [2026-02-13T15:22:32.529Z] Checked if tokens are valid: true, expires at: 1770999697476
[debug] [2026-02-13T15:22:32.529Z] >>> [apiv2][query] GET https://cloudresourcemanager.googleapis.com/v1/projects/quotechemfb [none]
[debug] [2026-02-13T15:22:32.706Z] <<< [apiv2][status] GET https://cloudresourcemanager.googleapis.com/v1/projects/quotechemfb 200
[debug] [2026-02-13T15:22:32.706Z] <<< [apiv2][body] GET https://cloudresourcemanager.googleapis.com/v1/projects/quotechemfb {"projectNumber":"112525021020","projectId":"quotechemfb","lifecycleState":"ACTIVE","name":"quotechemfb","labels":{"firebase":"enabled","firebase-core":"disabled"},"createTime":"2026-02-12T23:53:38.916557Z","parent":{"type":"organization","id":"915728744440"}}
[debug] [2026-02-13T15:22:32.707Z] Checked if tokens are valid: true, expires at: 1770999697476
[debug] [2026-02-13T15:22:32.707Z] Checked if tokens are valid: true, expires at: 1770999697476
[debug] [2026-02-13T15:22:32.707Z] >>> [apiv2][query] GET https://compute.googleapis.com/compute/v1/projects/112525021020 [none]
[debug] [2026-02-13T15:22:32.954Z] <<< [apiv2][status] GET https://compute.googleapis.com/compute/v1/projects/112525021020 403
[debug] [2026-02-13T15:22:32.954Z] <<< [apiv2][body] GET https://compute.googleapis.com/compute/v1/projects/112525021020 {"error":{"code":403,"message":"Compute Engine API has not been used in project 112525021020 before or it is disabled. Enable it by visiting https://console.developers.google.com/apis/api/compute.googleapis.com/overview?project=112525021020 then retry. If you enabled this API recently, wait a few minutes for the action to propagate to our systems and retry.","errors":[{"message":"Compute Engine API has not been used in project 112525021020 before or it is disabled. Enable it by visiting https://console.developers.google.com/apis/api/compute.googleapis.com/overview?project=112525021020 then retry. If you enabled this API recently, wait a few minutes for the action to propagate to our systems and retry.","domain":"usageLimits","reason":"accessNotConfigured","extendedHelp":"https://console.developers.google.com"}],"status":"PERMISSION_DENIED","details":[{"@type":"type.googleapis.com/google.rpc.ErrorInfo","reason":"SERVICE_DISABLED","domain":"googleapis.com","metadata":{"serviceTitle":"Compute Engine API","consumer":"projects/112525021020","containerInfo":"112525021020","service":"compute.googleapis.com","activationUrl":"https://console.developers.google.com/apis/api/compute.googleapis.com/overview?project=112525021020"}},{"@type":"type.googleapis.com/google.rpc.LocalizedMessage","locale":"en-US","message":"Compute Engine API has not been used in project 112525021020 before or it is disabled. Enable it by visiting https://console.developers.google.com/apis/api/compute.googleapis.com/overview?project=112525021020 then retry. If you enabled this API recently, wait a few minutes for the action to propagate to our systems and retry."},{"@type":"type.googleapis.com/google.rpc.Help","links":[{"description":"Google developers console API activation","url":"https://console.developers.google.com/apis/api/compute.googleapis.com/overview?project=112525021020"}]}]}}
[debug] [2026-02-13T15:22:32.955Z] unable to look up default compute service account. Falling back to 112525021020-compute@developer.gserviceaccount.com. Error: {"name":"FirebaseError","children":[],"context":{"body":{"error":{"code":403,"message":"Compute Engine API has not been used in project 112525021020 before or it is disabled. Enable it by visiting https://console.developers.google.com/apis/api/compute.googleapis.com/overview?project=112525021020 then retry. If you enabled this API recently, wait a few minutes for the action to propagate to our systems and retry.","errors":[{"message":"Compute Engine API has not been used in project 112525021020 before or it is disabled. Enable it by visiting https://console.developers.google.com/apis/api/compute.googleapis.com/overview?project=112525021020 then retry. If you enabled this API recently, wait a few minutes for the action to propagate to our systems and retry.","domain":"usageLimits","reason":"accessNotConfigured","extendedHelp":"https://console.developers.google.com"}],"status":"PERMISSION_DENIED","details":[{"@type":"type.googleapis.com/google.rpc.ErrorInfo","reason":"SERVICE_DISABLED","domain":"googleapis.com","metadata":{"serviceTitle":"Compute Engine API","consumer":"projects/112525021020","containerInfo":"112525021020","service":"compute.googleapis.com","activationUrl":"https://console.developers.google.com/apis/api/compute.googleapis.com/overview?project=112525021020"}},{"@type":"type.googleapis.com/google.rpc.LocalizedMessage","locale":"en-US","message":"Compute Engine API has not been used in project 112525021020 before or it is disabled. Enable it by visiting https://console.developers.google.com/apis/api/compute.googleapis.com/overview?project=112525021020 then retry. If you enabled this API recently, wait a few minutes for the action to propagate to our systems and retry."},{"@type":"type.googleapis.com/google.rpc.Help","links":[{"description":"Google developers console API activation","url":"https://console.developers.google.com/apis/api/compute.googleapis.com/overview?project=112525021020"}]}]}},"response":{"statusCode":403}},"exit":1,"message":"Request to https://compute.googleapis.com/compute/v1/projects/112525021020 had HTTP Error: 403, Compute Engine API has not been used in project 112525021020 before or it is disabled. Enable it by visiting https://console.developers.google.com/apis/api/compute.googleapis.com/overview?project=112525021020 then retry. If you enabled this API recently, wait a few minutes for the action to propagate to our systems and retry.","status":403}
[debug] [2026-02-13T15:22:32.961Z] Checked if tokens are valid: true, expires at: 1770999697476
[debug] [2026-02-13T15:22:32.961Z] Checked if tokens are valid: true, expires at: 1770999697476
[debug] [2026-02-13T15:22:32.961Z] >>> [apiv2][query] GET https://cloudbilling.googleapis.com/v1/projects/quotechemfb/billingInfo [none]
[debug] [2026-02-13T15:22:33.458Z] <<< [apiv2][status] GET https://cloudbilling.googleapis.com/v1/projects/quotechemfb/billingInfo 200
[debug] [2026-02-13T15:22:33.458Z] <<< [apiv2][body] GET https://cloudbilling.googleapis.com/v1/projects/quotechemfb/billingInfo {"name":"projects/quotechemfb/billingInfo","projectId":"quotechemfb","billingAccountName":"billingAccounts/01CCBF-492FE0-EEF400","billingEnabled":true}
[debug] [2026-02-13T15:22:33.459Z] Checked if tokens are valid: true, expires at: 1770999697476
[debug] [2026-02-13T15:22:33.459Z] Checked if tokens are valid: true, expires at: 1770999697476
[debug] [2026-02-13T15:22:33.460Z] >>> [apiv2][query] POST https://cloudfunctions.googleapis.com/v2/projects/quotechemfb/locations/us-central1/functions:generateUploadUrl [none]
[debug] [2026-02-13T15:22:34.592Z] <<< [apiv2][status] POST https://cloudfunctions.googleapis.com/v2/projects/quotechemfb/locations/us-central1/functions:generateUploadUrl 200
[debug] [2026-02-13T15:22:34.592Z] <<< [apiv2][body] POST https://cloudfunctions.googleapis.com/v2/projects/quotechemfb/locations/us-central1/functions:generateUploadUrl {"uploadUrl":"https://storage.googleapis.com/gcf-v2-uploads-112525021020.us-central1.cloudfunctions.appspot.com/4c931146-e155-4099-89c3-959e8da2a349.zip?GoogleAccessId=service-112525021020@gcf-admin-robot.iam.gserviceaccount.com&Expires=1770997954&Signature=pdn%2BFioZpzkA3lXUrpQ0BSBCW4vOL2vupRCVk52BcwzBNIS5qC6p8GYnCK5GbxwtEGA66DGwLmFpjKupPiMhh9puAOW%2F5XMR7AGwTvEecj5Q1DHvXZojqfc7a04mekH9b6WWksK1SKS8d1eduKYSlyZNR8JjsnS30jP9I4jjUqdC8WVNAleqwsLEWTAZxt3ERWp7QjX14MOmgof0gVPUpQvHMkIiCqDKqRADWeHjaaDMbGAm6VLhqM7crx1kjnk%2B1Ifn1RubR8thJyBe4dNluPh45frzgR8XozySO6%2F%2BAeO%2FRcxd91ZAu1gcWTDe2pGBkeS56Asg7WwYpyGzWxqLRw%3D%3D","storageSource":{"bucket":"gcf-v2-uploads-112525021020.us-central1.cloudfunctions.appspot.com","object":"4c931146-e155-4099-89c3-959e8da2a349.zip"}}
[debug] [2026-02-13T15:22:34.594Z] >>> [apiv2][query] PUT https://storage.googleapis.com/gcf-v2-uploads-112525021020.us-central1.cloudfunctions.appspot.com/4c931146-e155-4099-89c3-959e8da2a349.zip GoogleAccessId=service-112525021020%40gcf-admin-robot.iam.gserviceaccount.com&Expires=1770997954&Signature=pdn%2BFioZpzkA3lXUrpQ0BSBCW4vOL2vupRCVk52BcwzBNIS5qC6p8GYnCK5GbxwtEGA66DGwLmFpjKupPiMhh9puAOW%2F5XMR7AGwTvEecj5Q1DHvXZojqfc7a04mekH9b6WWksK1SKS8d1eduKYSlyZNR8JjsnS30jP9I4jjUqdC8WVNAleqwsLEWTAZxt3ERWp7QjX14MOmgof0gVPUpQvHMkIiCqDKqRADWeHjaaDMbGAm6VLhqM7crx1kjnk%2B1Ifn1RubR8thJyBe4dNluPh45frzgR8XozySO6%2F%2BAeO%2FRcxd91ZAu1gcWTDe2pGBkeS56Asg7WwYpyGzWxqLRw%3D%3D
[debug] [2026-02-13T15:22:34.594Z] >>> [apiv2][body] PUT https://storage.googleapis.com/gcf-v2-uploads-112525021020.us-central1.cloudfunctions.appspot.com/4c931146-e155-4099-89c3-959e8da2a349.zip [stream]
[debug] [2026-02-13T15:22:34.868Z] <<< [apiv2][status] PUT https://storage.googleapis.com/gcf-v2-uploads-112525021020.us-central1.cloudfunctions.appspot.com/4c931146-e155-4099-89c3-959e8da2a349.zip 200
[debug] [2026-02-13T15:22:34.868Z] <<< [apiv2][body] PUT https://storage.googleapis.com/gcf-v2-uploads-112525021020.us-central1.cloudfunctions.appspot.com/4c931146-e155-4099-89c3-959e8da2a349.zip [omitted]
[info] ✔  functions: functions folder uploaded successfully 
[info] i  functions: creating Node.js 20 (2nd Gen) function runStartupDiagnostics(us-central1)... 
[debug] [2026-02-13T15:22:34.871Z] Checked if tokens are valid: true, expires at: 1770999697476
[debug] [2026-02-13T15:22:34.871Z] Checked if tokens are valid: true, expires at: 1770999697476
[debug] [2026-02-13T15:22:34.871Z] >>> [apiv2][query] POST https://cloudfunctions.googleapis.com/v2/projects/quotechemfb/locations/us-central1/functions functionId=runStartupDiagnostics
[debug] [2026-02-13T15:22:34.871Z] >>> [apiv2][body] POST https://cloudfunctions.googleapis.com/v2/projects/quotechemfb/locations/us-central1/functions {"name":"projects/quotechemfb/locations/us-central1/functions/runStartupDiagnostics","buildConfig":{"runtime":"nodejs20","entryPoint":"runStartupDiagnostics","source":{"storageSource":{"bucket":"gcf-v2-uploads-112525021020.us-central1.cloudfunctions.appspot.com","object":"4c931146-e155-4099-89c3-959e8da2a349.zip"}},"environmentVariables":{"GOOGLE_NODE_RUN_SCRIPTS":""}},"serviceConfig":{"environmentVariables":{"FIREBASE_CONFIG":"{\"projectId\":\"quotechemfb\",\"storageBucket\":\"quotechemfb.firebasestorage.app\"}","GCLOUD_PROJECT":"quotechemfb","EVENTARC_CLOUD_EVENT_SOURCE":"projects/quotechemfb/locations/us-central1/services/runStartupDiagnostics","FUNCTION_TARGET":"runStartupDiagnostics","LOG_EXECUTION_ID":"true"},"ingressSettings":null,"timeoutSeconds":null,"serviceAccountEmail":null,"availableMemory":"256Mi","minInstanceCount":null,"maxInstanceCount":null,"maxInstanceRequestConcurrency":80,"availableCpu":"1","vpcConnector":null,"vpcConnectorEgressSettings":null},"labels":{"deployment-tool":"cli-firebase","deployment-callable":"true","firebase-functions-hash":"205968b62a61f9b16bf39ca21353d43cd9d20862"}}
[debug] [2026-02-13T15:22:36.945Z] <<< [apiv2][status] POST https://cloudfunctions.googleapis.com/v2/projects/quotechemfb/locations/us-central1/functions 200
[debug] [2026-02-13T15:22:36.947Z] <<< [apiv2][body] POST https://cloudfunctions.googleapis.com/v2/projects/quotechemfb/locations/us-central1/functions {"name":"projects/quotechemfb/locations/us-central1/operations/operation-1770996155153-64ab62cb9fa80-e7038610-3db84469","metadata":{"@type":"type.googleapis.com/google.cloud.functions.v2.OperationMetadata","createTime":"2026-02-13T15:22:36.819118702Z","target":"projects/quotechemfb/locations/us-central1/functions/runStartupDiagnostics","verb":"create","cancelRequested":false,"apiVersion":"v2"},"done":false}
[debug] [2026-02-13T15:22:36.949Z] Checked if tokens are valid: true, expires at: 1770999697476
[debug] [2026-02-13T15:22:36.949Z] Checked if tokens are valid: true, expires at: 1770999697476
[debug] [2026-02-13T15:22:36.950Z] >>> [apiv2][query] GET https://cloudfunctions.googleapis.com/v2/projects/quotechemfb/locations/us-central1/operations/operation-1770996155153-64ab62cb9fa80-e7038610-3db84469 [none]
[debug] [2026-02-13T15:22:37.065Z] <<< [apiv2][status] GET https://cloudfunctions.googleapis.com/v2/projects/quotechemfb/locations/us-central1/operations/operation-1770996155153-64ab62cb9fa80-e7038610-3db84469 200
[debug] [2026-02-13T15:22:37.065Z] <<< [apiv2][body] GET https://cloudfunctions.googleapis.com/v2/projects/quotechemfb/locations/us-central1/operations/operation-1770996155153-64ab62cb9fa80-e7038610-3db84469 {"name":"projects/quotechemfb/locations/us-central1/operations/operation-1770996155153-64ab62cb9fa80-e7038610-3db84469","metadata":{"@type":"type.googleapis.com/google.cloud.functions.v2.OperationMetadata","createTime":"2026-02-13T15:22:36.819118702Z","target":"projects/quotechemfb/locations/us-central1/functions/runStartupDiagnostics","verb":"create","cancelRequested":false,"apiVersion":"v2"},"done":false}
[debug] [2026-02-13T15:22:37.568Z] [create-default-us-central1-runStartupDiagnostics] Retrying task index 0
[debug] [2026-02-13T15:22:37.568Z] Checked if tokens are valid: true, expires at: 1770999697476
[debug] [2026-02-13T15:22:37.568Z] Checked if tokens are valid: true, expires at: 1770999697476
[debug] [2026-02-13T15:22:37.569Z] >>> [apiv2][query] GET https://cloudfunctions.googleapis.com/v2/projects/quotechemfb/locations/us-central1/operations/operation-1770996155153-64ab62cb9fa80-e7038610-3db84469 [none]
[debug] [2026-02-13T15:22:37.853Z] <<< [apiv2][status] GET https://cloudfunctions.googleapis.com/v2/projects/quotechemfb/locations/us-central1/operations/operation-1770996155153-64ab62cb9fa80-e7038610-3db84469 200
[debug] [2026-02-13T15:22:37.853Z] <<< [apiv2][body] GET https://cloudfunctions.googleapis.com/v2/projects/quotechemfb/locations/us-central1/operations/operation-1770996155153-64ab62cb9fa80-e7038610-3db84469 {"name":"projects/quotechemfb/locations/us-central1/operations/operation-1770996155153-64ab62cb9fa80-e7038610-3db84469","metadata":{"@type":"type.googleapis.com/google.cloud.functions.v2.OperationMetadata","createTime":"2026-02-13T15:22:36.819118702Z","target":"projects/quotechemfb/locations/us-central1/functions/runStartupDiagnostics","verb":"create","cancelRequested":false,"apiVersion":"v2","requestResource":{"@type":"type.googleapis.com/google.cloud.functions.v2.Function","name":"projects/quotechemfb/locations/us-central1/functions/runStartupDiagnostics","buildConfig":{"runtime":"nodejs20","entryPoint":"runStartupDiagnostics","source":{"storageSource":{"bucket":"gcf-v2-sources-112525021020-us-central1","object":"runStartupDiagnostics/function-source.zip","generation":"1770996155834793"}},"environmentVariables":{"GOOGLE_NODE_RUN_SCRIPTS":""},"serviceAccount":"projects/quotechemfb/serviceAccounts/112525021020-compute@developer.gserviceaccount.com","automaticUpdatePolicy":{}},"serviceConfig":{"service":"projects/quotechemfb/locations/us-central1/services/runstartupdiagnostics","timeoutSeconds":60,"environmentVariables":{"FIREBASE_CONFIG":"{\"projectId\":\"quotechemfb\",\"storageBucket\":\"quotechemfb.firebasestorage.app\"}","GCLOUD_PROJECT":"quotechemfb","EVENTARC_CLOUD_EVENT_SOURCE":"projects/quotechemfb/locations/us-central1/services/runStartupDiagnostics","FUNCTION_TARGET":"runStartupDiagnostics","LOG_EXECUTION_ID":"true"},"ingressSettings":"ALLOW_ALL","serviceAccountEmail":"112525021020-compute@developer.gserviceaccount.com","availableMemory":"256Mi","maxInstanceRequestConcurrency":80,"availableCpu":"1"},"labels":{"deployment-tool":"cli-firebase","deployment-callable":"true","firebase-functions-hash":"205968b62a61f9b16bf39ca21353d43cd9d20862"},"environment":"GEN_2"},"stages":[{"name":"BUILD","state":"NOT_STARTED","stateMessages":[{"severity":"WARNING","type":"BuildAnalysisWarning","message":"Node.js 20 is no longer supported by the Node.js community as of 30 April, 2026. Node.js 20 will be deprecated on 2026-04-30. We recommend you to upgrade to the latest version of Node.js as soon as possible."}]},{"name":"SERVICE","state":"NOT_STARTED"}],"operationType":"CREATE_FUNCTION"},"done":false}
[debug] [2026-02-13T15:22:38.855Z] [create-default-us-central1-runStartupDiagnostics] Retrying task index 0
[debug] [2026-02-13T15:22:38.856Z] Checked if tokens are valid: true, expires at: 1770999697476
[debug] [2026-02-13T15:22:38.856Z] Checked if tokens are valid: true, expires at: 1770999697476
[debug] [2026-02-13T15:22:38.856Z] >>> [apiv2][query] GET https://cloudfunctions.googleapis.com/v2/projects/quotechemfb/locations/us-central1/operations/operation-1770996155153-64ab62cb9fa80-e7038610-3db84469 [none]
[debug] [2026-02-13T15:22:39.129Z] <<< [apiv2][status] GET https://cloudfunctions.googleapis.com/v2/projects/quotechemfb/locations/us-central1/operations/operation-1770996155153-64ab62cb9fa80-e7038610-3db84469 200
[debug] [2026-02-13T15:22:39.129Z] <<< [apiv2][body] GET https://cloudfunctions.googleapis.com/v2/projects/quotechemfb/locations/us-central1/operations/operation-1770996155153-64ab62cb9fa80-e7038610-3db84469 {"name":"projects/quotechemfb/locations/us-central1/operations/operation-1770996155153-64ab62cb9fa80-e7038610-3db84469","metadata":{"@type":"type.googleapis.com/google.cloud.functions.v2.OperationMetadata","createTime":"2026-02-13T15:22:36.819118702Z","target":"projects/quotechemfb/locations/us-central1/functions/runStartupDiagnostics","verb":"create","cancelRequested":false,"apiVersion":"v2","requestResource":{"@type":"type.googleapis.com/google.cloud.functions.v2.Function","name":"projects/quotechemfb/locations/us-central1/functions/runStartupDiagnostics","buildConfig":{"runtime":"nodejs20","entryPoint":"runStartupDiagnostics","source":{"storageSource":{"bucket":"gcf-v2-sources-112525021020-us-central1","object":"runStartupDiagnostics/function-source.zip","generation":"1770996155834793"}},"environmentVariables":{"GOOGLE_NODE_RUN_SCRIPTS":""},"serviceAccount":"projects/quotechemfb/serviceAccounts/112525021020-compute@developer.gserviceaccount.com","automaticUpdatePolicy":{}},"serviceConfig":{"service":"projects/quotechemfb/locations/us-central1/services/runstartupdiagnostics","timeoutSeconds":60,"environmentVariables":{"FIREBASE_CONFIG":"{\"projectId\":\"quotechemfb\",\"storageBucket\":\"quotechemfb.firebasestorage.app\"}","GCLOUD_PROJECT":"quotechemfb","EVENTARC_CLOUD_EVENT_SOURCE":"projects/quotechemfb/locations/us-central1/services/runStartupDiagnostics","FUNCTION_TARGET":"runStartupDiagnostics","LOG_EXECUTION_ID":"true"},"ingressSettings":"ALLOW_ALL","serviceAccountEmail":"112525021020-compute@developer.gserviceaccount.com","availableMemory":"256Mi","maxInstanceRequestConcurrency":80,"availableCpu":"1"},"labels":{"deployment-tool":"cli-firebase","deployment-callable":"true","firebase-functions-hash":"205968b62a61f9b16bf39ca21353d43cd9d20862"},"environment":"GEN_2"},"stages":[{"name":"BUILD","state":"NOT_STARTED","stateMessages":[{"severity":"WARNING","type":"BuildAnalysisWarning","message":"Node.js 20 is no longer supported by the Node.js community as of 30 April, 2026. Node.js 20 will be deprecated on 2026-04-30. We recommend you to upgrade to the latest version of Node.js as soon as possible."}]},{"name":"SERVICE","state":"NOT_STARTED"}],"operationType":"CREATE_FUNCTION"},"done":false}
[debug] [2026-02-13T15:22:41.130Z] [create-default-us-central1-runStartupDiagnostics] Retrying task index 0
[debug] [2026-02-13T15:22:41.131Z] Checked if tokens are valid: true, expires at: 1770999697476
[debug] [2026-02-13T15:22:41.131Z] Checked if tokens are valid: true, expires at: 1770999697476
[debug] [2026-02-13T15:22:41.131Z] >>> [apiv2][query] GET https://cloudfunctions.googleapis.com/v2/projects/quotechemfb/locations/us-central1/operations/operation-1770996155153-64ab62cb9fa80-e7038610-3db84469 [none]
[debug] [2026-02-13T15:22:41.260Z] <<< [apiv2][status] GET https://cloudfunctions.googleapis.com/v2/projects/quotechemfb/locations/us-central1/operations/operation-1770996155153-64ab62cb9fa80-e7038610-3db84469 200
[debug] [2026-02-13T15:22:41.260Z] <<< [apiv2][body] GET https://cloudfunctions.googleapis.com/v2/projects/quotechemfb/locations/us-central1/operations/operation-1770996155153-64ab62cb9fa80-e7038610-3db84469 {"name":"projects/quotechemfb/locations/us-central1/operations/operation-1770996155153-64ab62cb9fa80-e7038610-3db84469","metadata":{"@type":"type.googleapis.com/google.cloud.functions.v2.OperationMetadata","createTime":"2026-02-13T15:22:36.819118702Z","target":"projects/quotechemfb/locations/us-central1/functions/runStartupDiagnostics","verb":"create","cancelRequested":false,"apiVersion":"v2","requestResource":{"@type":"type.googleapis.com/google.cloud.functions.v2.Function","name":"projects/quotechemfb/locations/us-central1/functions/runStartupDiagnostics","buildConfig":{"runtime":"nodejs20","entryPoint":"runStartupDiagnostics","source":{"storageSource":{"bucket":"gcf-v2-sources-112525021020-us-central1","object":"runStartupDiagnostics/function-source.zip","generation":"1770996155834793"}},"environmentVariables":{"GOOGLE_NODE_RUN_SCRIPTS":""},"serviceAccount":"projects/quotechemfb/serviceAccounts/112525021020-compute@developer.gserviceaccount.com","automaticUpdatePolicy":{}},"serviceConfig":{"service":"projects/quotechemfb/locations/us-central1/services/runstartupdiagnostics","timeoutSeconds":60,"environmentVariables":{"FIREBASE_CONFIG":"{\"projectId\":\"quotechemfb\",\"storageBucket\":\"quotechemfb.firebasestorage.app\"}","GCLOUD_PROJECT":"quotechemfb","EVENTARC_CLOUD_EVENT_SOURCE":"projects/quotechemfb/locations/us-central1/services/runStartupDiagnostics","FUNCTION_TARGET":"runStartupDiagnostics","LOG_EXECUTION_ID":"true"},"ingressSettings":"ALLOW_ALL","serviceAccountEmail":"112525021020-compute@developer.gserviceaccount.com","availableMemory":"256Mi","maxInstanceRequestConcurrency":80,"availableCpu":"1"},"labels":{"deployment-tool":"cli-firebase","deployment-callable":"true","firebase-functions-hash":"205968b62a61f9b16bf39ca21353d43cd9d20862"},"environment":"GEN_2"},"stages":[{"name":"BUILD","state":"NOT_STARTED","stateMessages":[{"severity":"WARNING","type":"BuildAnalysisWarning","message":"Node.js 20 is no longer supported by the Node.js community as of 30 April, 2026. Node.js 20 will be deprecated on 2026-04-30. We recommend you to upgrade to the latest version of Node.js as soon as possible."}]},{"name":"SERVICE","state":"NOT_STARTED"}],"operationType":"CREATE_FUNCTION"},"done":false}
[debug] [2026-02-13T15:22:45.263Z] [create-default-us-central1-runStartupDiagnostics] Retrying task index 0
[debug] [2026-02-13T15:22:45.269Z] Checked if tokens are valid: true, expires at: 1770999697476
[debug] [2026-02-13T15:22:45.269Z] Checked if tokens are valid: true, expires at: 1770999697476
[debug] [2026-02-13T15:22:45.270Z] >>> [apiv2][query] GET https://cloudfunctions.googleapis.com/v2/projects/quotechemfb/locations/us-central1/operations/operation-1770996155153-64ab62cb9fa80-e7038610-3db84469 [none]
[debug] [2026-02-13T15:22:45.648Z] <<< [apiv2][status] GET https://cloudfunctions.googleapis.com/v2/projects/quotechemfb/locations/us-central1/operations/operation-1770996155153-64ab62cb9fa80-e7038610-3db84469 200
[debug] [2026-02-13T15:22:45.648Z] <<< [apiv2][body] GET https://cloudfunctions.googleapis.com/v2/projects/quotechemfb/locations/us-central1/operations/operation-1770996155153-64ab62cb9fa80-e7038610-3db84469 {"name":"projects/quotechemfb/locations/us-central1/operations/operation-1770996155153-64ab62cb9fa80-e7038610-3db84469","metadata":{"@type":"type.googleapis.com/google.cloud.functions.v2.OperationMetadata","createTime":"2026-02-13T15:22:36.819118702Z","target":"projects/quotechemfb/locations/us-central1/functions/runStartupDiagnostics","verb":"create","cancelRequested":false,"apiVersion":"v2","requestResource":{"@type":"type.googleapis.com/google.cloud.functions.v2.Function","name":"projects/quotechemfb/locations/us-central1/functions/runStartupDiagnostics","buildConfig":{"runtime":"nodejs20","entryPoint":"runStartupDiagnostics","source":{"storageSource":{"bucket":"gcf-v2-sources-112525021020-us-central1","object":"runStartupDiagnostics/function-source.zip","generation":"1770996155834793"}},"environmentVariables":{"GOOGLE_NODE_RUN_SCRIPTS":""},"serviceAccount":"projects/quotechemfb/serviceAccounts/112525021020-compute@developer.gserviceaccount.com","automaticUpdatePolicy":{}},"serviceConfig":{"service":"projects/quotechemfb/locations/us-central1/services/runstartupdiagnostics","timeoutSeconds":60,"environmentVariables":{"FIREBASE_CONFIG":"{\"projectId\":\"quotechemfb\",\"storageBucket\":\"quotechemfb.firebasestorage.app\"}","GCLOUD_PROJECT":"quotechemfb","EVENTARC_CLOUD_EVENT_SOURCE":"projects/quotechemfb/locations/us-central1/services/runStartupDiagnostics","FUNCTION_TARGET":"runStartupDiagnostics","LOG_EXECUTION_ID":"true"},"ingressSettings":"ALLOW_ALL","serviceAccountEmail":"112525021020-compute@developer.gserviceaccount.com","availableMemory":"256Mi","maxInstanceRequestConcurrency":80,"availableCpu":"1"},"labels":{"deployment-tool":"cli-firebase","deployment-callable":"true","firebase-functions-hash":"205968b62a61f9b16bf39ca21353d43cd9d20862"},"environment":"GEN_2"},"stages":[{"name":"BUILD","state":"NOT_STARTED","stateMessages":[{"severity":"WARNING","type":"BuildAnalysisWarning","message":"Node.js 20 is no longer supported by the Node.js community as of 30 April, 2026. Node.js 20 will be deprecated on 2026-04-30. We recommend you to upgrade to the latest version of Node.js as soon as possible."}]},{"name":"SERVICE","state":"NOT_STARTED"}],"operationType":"CREATE_FUNCTION"},"done":false}
[debug] [2026-02-13T15:22:53.649Z] [create-default-us-central1-runStartupDiagnostics] Retrying task index 0
[debug] [2026-02-13T15:22:53.653Z] Checked if tokens are valid: true, expires at: 1770999697476
[debug] [2026-02-13T15:22:53.653Z] Checked if tokens are valid: true, expires at: 1770999697476
[debug] [2026-02-13T15:22:53.653Z] >>> [apiv2][query] GET https://cloudfunctions.googleapis.com/v2/projects/quotechemfb/locations/us-central1/operations/operation-1770996155153-64ab62cb9fa80-e7038610-3db84469 [none]
[debug] [2026-02-13T15:22:54.001Z] <<< [apiv2][status] GET https://cloudfunctions.googleapis.com/v2/projects/quotechemfb/locations/us-central1/operations/operation-1770996155153-64ab62cb9fa80-e7038610-3db84469 200
[debug] [2026-02-13T15:22:54.001Z] <<< [apiv2][body] GET https://cloudfunctions.googleapis.com/v2/projects/quotechemfb/locations/us-central1/operations/operation-1770996155153-64ab62cb9fa80-e7038610-3db84469 {"name":"projects/quotechemfb/locations/us-central1/operations/operation-1770996155153-64ab62cb9fa80-e7038610-3db84469","metadata":{"@type":"type.googleapis.com/google.cloud.functions.v2.OperationMetadata","createTime":"2026-02-13T15:22:36.819118702Z","target":"projects/quotechemfb/locations/us-central1/functions/runStartupDiagnostics","verb":"create","cancelRequested":false,"apiVersion":"v2","requestResource":{"@type":"type.googleapis.com/google.cloud.functions.v2.Function","name":"projects/quotechemfb/locations/us-central1/functions/runStartupDiagnostics","buildConfig":{"runtime":"nodejs20","entryPoint":"runStartupDiagnostics","source":{"storageSource":{"bucket":"gcf-v2-sources-112525021020-us-central1","object":"runStartupDiagnostics/function-source.zip","generation":"1770996155834793"}},"environmentVariables":{"GOOGLE_NODE_RUN_SCRIPTS":""},"serviceAccount":"projects/quotechemfb/serviceAccounts/112525021020-compute@developer.gserviceaccount.com","automaticUpdatePolicy":{}},"serviceConfig":{"service":"projects/quotechemfb/locations/us-central1/services/runstartupdiagnostics","timeoutSeconds":60,"environmentVariables":{"FIREBASE_CONFIG":"{\"projectId\":\"quotechemfb\",\"storageBucket\":\"quotechemfb.firebasestorage.app\"}","GCLOUD_PROJECT":"quotechemfb","EVENTARC_CLOUD_EVENT_SOURCE":"projects/quotechemfb/locations/us-central1/services/runStartupDiagnostics","FUNCTION_TARGET":"runStartupDiagnostics","LOG_EXECUTION_ID":"true"},"ingressSettings":"ALLOW_ALL","serviceAccountEmail":"112525021020-compute@developer.gserviceaccount.com","availableMemory":"256Mi","maxInstanceRequestConcurrency":80,"availableCpu":"1"},"labels":{"deployment-tool":"cli-firebase","deployment-callable":"true","firebase-functions-hash":"205968b62a61f9b16bf39ca21353d43cd9d20862"},"environment":"GEN_2"},"stages":[{"name":"BUILD","message":"Build in progress","state":"IN_PROGRESS","resource":"projects/112525021020/locations/us-central1/builds/077dde02-6896-43a5-bb8a-f1911fe79235","resourceUri":"https://console.cloud.google.com/cloud-build/builds;region=us-central1/077dde02-6896-43a5-bb8a-f1911fe79235?project=112525021020"},{"name":"SERVICE","state":"NOT_STARTED"}],"operationType":"CREATE_FUNCTION","buildName":"projects/112525021020/locations/us-central1/builds/077dde02-6896-43a5-bb8a-f1911fe79235"},"done":false}
[debug] [2026-02-13T15:23:04.005Z] [create-default-us-central1-runStartupDiagnostics] Retrying task index 0
[debug] [2026-02-13T15:23:04.009Z] Checked if tokens are valid: true, expires at: 1770999697476
[debug] [2026-02-13T15:23:04.010Z] Checked if tokens are valid: true, expires at: 1770999697476
[debug] [2026-02-13T15:23:04.010Z] >>> [apiv2][query] GET https://cloudfunctions.googleapis.com/v2/projects/quotechemfb/locations/us-central1/operations/operation-1770996155153-64ab62cb9fa80-e7038610-3db84469 [none]
[debug] [2026-02-13T15:23:04.384Z] <<< [apiv2][status] GET https://cloudfunctions.googleapis.com/v2/projects/quotechemfb/locations/us-central1/operations/operation-1770996155153-64ab62cb9fa80-e7038610-3db84469 200
[debug] [2026-02-13T15:23:04.384Z] <<< [apiv2][body] GET https://cloudfunctions.googleapis.com/v2/projects/quotechemfb/locations/us-central1/operations/operation-1770996155153-64ab62cb9fa80-e7038610-3db84469 {"name":"projects/quotechemfb/locations/us-central1/operations/operation-1770996155153-64ab62cb9fa80-e7038610-3db84469","metadata":{"@type":"type.googleapis.com/google.cloud.functions.v2.OperationMetadata","createTime":"2026-02-13T15:22:36.819118702Z","target":"projects/quotechemfb/locations/us-central1/functions/runStartupDiagnostics","verb":"create","cancelRequested":false,"apiVersion":"v2","requestResource":{"@type":"type.googleapis.com/google.cloud.functions.v2.Function","name":"projects/quotechemfb/locations/us-central1/functions/runStartupDiagnostics","buildConfig":{"runtime":"nodejs20","entryPoint":"runStartupDiagnostics","source":{"storageSource":{"bucket":"gcf-v2-sources-112525021020-us-central1","object":"runStartupDiagnostics/function-source.zip","generation":"1770996155834793"}},"environmentVariables":{"GOOGLE_NODE_RUN_SCRIPTS":""},"serviceAccount":"projects/quotechemfb/serviceAccounts/112525021020-compute@developer.gserviceaccount.com","automaticUpdatePolicy":{}},"serviceConfig":{"service":"projects/quotechemfb/locations/us-central1/services/runstartupdiagnostics","timeoutSeconds":60,"environmentVariables":{"FIREBASE_CONFIG":"{\"projectId\":\"quotechemfb\",\"storageBucket\":\"quotechemfb.firebasestorage.app\"}","GCLOUD_PROJECT":"quotechemfb","EVENTARC_CLOUD_EVENT_SOURCE":"projects/quotechemfb/locations/us-central1/services/runStartupDiagnostics","FUNCTION_TARGET":"runStartupDiagnostics","LOG_EXECUTION_ID":"true"},"ingressSettings":"ALLOW_ALL","serviceAccountEmail":"112525021020-compute@developer.gserviceaccount.com","availableMemory":"256Mi","maxInstanceRequestConcurrency":80,"availableCpu":"1"},"labels":{"deployment-tool":"cli-firebase","deployment-callable":"true","firebase-functions-hash":"205968b62a61f9b16bf39ca21353d43cd9d20862"},"environment":"GEN_2"},"stages":[{"name":"BUILD","message":"Build in progress","state":"IN_PROGRESS","resource":"projects/112525021020/locations/us-central1/builds/077dde02-6896-43a5-bb8a-f1911fe79235","resourceUri":"https://console.cloud.google.com/cloud-build/builds;region=us-central1/077dde02-6896-43a5-bb8a-f1911fe79235?project=112525021020"},{"name":"SERVICE","state":"NOT_STARTED"}],"operationType":"CREATE_FUNCTION","buildName":"projects/112525021020/locations/us-central1/builds/077dde02-6896-43a5-bb8a-f1911fe79235"},"done":false}
[debug] [2026-02-13T15:23:14.387Z] [create-default-us-central1-runStartupDiagnostics] Retrying task index 0
[debug] [2026-02-13T15:23:14.388Z] Checked if tokens are valid: true, expires at: 1770999697476
[debug] [2026-02-13T15:23:14.388Z] Checked if tokens are valid: true, expires at: 1770999697476
[debug] [2026-02-13T15:23:14.389Z] >>> [apiv2][query] GET https://cloudfunctions.googleapis.com/v2/projects/quotechemfb/locations/us-central1/operations/operation-1770996155153-64ab62cb9fa80-e7038610-3db84469 [none]
[debug] [2026-02-13T15:23:14.580Z] <<< [apiv2][status] GET https://cloudfunctions.googleapis.com/v2/projects/quotechemfb/locations/us-central1/operations/operation-1770996155153-64ab62cb9fa80-e7038610-3db84469 200
[debug] [2026-02-13T15:23:14.580Z] <<< [apiv2][body] GET https://cloudfunctions.googleapis.com/v2/projects/quotechemfb/locations/us-central1/operations/operation-1770996155153-64ab62cb9fa80-e7038610-3db84469 {"name":"projects/quotechemfb/locations/us-central1/operations/operation-1770996155153-64ab62cb9fa80-e7038610-3db84469","metadata":{"@type":"type.googleapis.com/google.cloud.functions.v2.OperationMetadata","createTime":"2026-02-13T15:22:36.819118702Z","target":"projects/quotechemfb/locations/us-central1/functions/runStartupDiagnostics","verb":"create","cancelRequested":false,"apiVersion":"v2","requestResource":{"@type":"type.googleapis.com/google.cloud.functions.v2.Function","name":"projects/quotechemfb/locations/us-central1/functions/runStartupDiagnostics","buildConfig":{"runtime":"nodejs20","entryPoint":"runStartupDiagnostics","source":{"storageSource":{"bucket":"gcf-v2-sources-112525021020-us-central1","object":"runStartupDiagnostics/function-source.zip","generation":"1770996155834793"}},"environmentVariables":{"GOOGLE_NODE_RUN_SCRIPTS":""},"serviceAccount":"projects/quotechemfb/serviceAccounts/112525021020-compute@developer.gserviceaccount.com","automaticUpdatePolicy":{}},"serviceConfig":{"service":"projects/quotechemfb/locations/us-central1/services/runstartupdiagnostics","timeoutSeconds":60,"environmentVariables":{"FIREBASE_CONFIG":"{\"projectId\":\"quotechemfb\",\"storageBucket\":\"quotechemfb.firebasestorage.app\"}","GCLOUD_PROJECT":"quotechemfb","EVENTARC_CLOUD_EVENT_SOURCE":"projects/quotechemfb/locations/us-central1/services/runStartupDiagnostics","FUNCTION_TARGET":"runStartupDiagnostics","LOG_EXECUTION_ID":"true"},"ingressSettings":"ALLOW_ALL","serviceAccountEmail":"112525021020-compute@developer.gserviceaccount.com","availableMemory":"256Mi","maxInstanceRequestConcurrency":80,"availableCpu":"1"},"labels":{"deployment-tool":"cli-firebase","deployment-callable":"true","firebase-functions-hash":"205968b62a61f9b16bf39ca21353d43cd9d20862"},"environment":"GEN_2"},"stages":[{"name":"BUILD","message":"Build in progress","state":"IN_PROGRESS","resource":"projects/112525021020/locations/us-central1/builds/077dde02-6896-43a5-bb8a-f1911fe79235","resourceUri":"https://console.cloud.google.com/cloud-build/builds;region=us-central1/077dde02-6896-43a5-bb8a-f1911fe79235?project=112525021020"},{"name":"SERVICE","state":"NOT_STARTED"}],"operationType":"CREATE_FUNCTION","buildName":"projects/112525021020/locations/us-central1/builds/077dde02-6896-43a5-bb8a-f1911fe79235"},"done":false}
[debug] [2026-02-13T15:23:24.583Z] [create-default-us-central1-runStartupDiagnostics] Retrying task index 0
[debug] [2026-02-13T15:23:24.586Z] Checked if tokens are valid: true, expires at: 1770999697476
[debug] [2026-02-13T15:23:24.586Z] Checked if tokens are valid: true, expires at: 1770999697476
[debug] [2026-02-13T15:23:24.587Z] >>> [apiv2][query] GET https://cloudfunctions.googleapis.com/v2/projects/quotechemfb/locations/us-central1/operations/operation-1770996155153-64ab62cb9fa80-e7038610-3db84469 [none]
[debug] [2026-02-13T15:23:24.972Z] <<< [apiv2][status] GET https://cloudfunctions.googleapis.com/v2/projects/quotechemfb/locations/us-central1/operations/operation-1770996155153-64ab62cb9fa80-e7038610-3db84469 200
[debug] [2026-02-13T15:23:24.972Z] <<< [apiv2][body] GET https://cloudfunctions.googleapis.com/v2/projects/quotechemfb/locations/us-central1/operations/operation-1770996155153-64ab62cb9fa80-e7038610-3db84469 {"name":"projects/quotechemfb/locations/us-central1/operations/operation-1770996155153-64ab62cb9fa80-e7038610-3db84469","metadata":{"@type":"type.googleapis.com/google.cloud.functions.v2.OperationMetadata","createTime":"2026-02-13T15:22:36.819118702Z","endTime":"2026-02-13T15:23:23.280451999Z","target":"projects/quotechemfb/locations/us-central1/functions/runStartupDiagnostics","verb":"create","cancelRequested":false,"apiVersion":"v2","requestResource":{"@type":"type.googleapis.com/google.cloud.functions.v2.Function","name":"projects/quotechemfb/locations/us-central1/functions/runStartupDiagnostics","buildConfig":{"runtime":"nodejs20","entryPoint":"runStartupDiagnostics","source":{"storageSource":{"bucket":"gcf-v2-sources-112525021020-us-central1","object":"runStartupDiagnostics/function-source.zip","generation":"1770996155834793"}},"environmentVariables":{"GOOGLE_NODE_RUN_SCRIPTS":""},"serviceAccount":"projects/quotechemfb/serviceAccounts/112525021020-compute@developer.gserviceaccount.com","automaticUpdatePolicy":{}},"serviceConfig":{"service":"projects/quotechemfb/locations/us-central1/services/runstartupdiagnostics","timeoutSeconds":60,"environmentVariables":{"FIREBASE_CONFIG":"{\"projectId\":\"quotechemfb\",\"storageBucket\":\"quotechemfb.firebasestorage.app\"}","GCLOUD_PROJECT":"quotechemfb","EVENTARC_CLOUD_EVENT_SOURCE":"projects/quotechemfb/locations/us-central1/services/runStartupDiagnostics","FUNCTION_TARGET":"runStartupDiagnostics","LOG_EXECUTION_ID":"true"},"ingressSettings":"ALLOW_ALL","serviceAccountEmail":"112525021020-compute@developer.gserviceaccount.com","availableMemory":"256Mi","maxInstanceRequestConcurrency":80,"availableCpu":"1"},"labels":{"deployment-tool":"cli-firebase","deployment-callable":"true","firebase-functions-hash":"205968b62a61f9b16bf39ca21353d43cd9d20862"},"environment":"GEN_2"},"stages":[{"name":"ARTIFACT_REGISTRY","message":"Deleting function artifacts in Artifact Registry","state":"COMPLETE"},{"name":"SERVICE","message":"Deleting Cloud Run service","state":"COMPLETE","resource":"projects/quotechemfb/locations/us-central1/services/runstartupdiagnostics"}],"operationType":"CREATE_FUNCTION"},"done":true,"error":{"code":3,"message":"Build failed with status: FAILURE. Could not build the function due to a missing permission on the build service account. If you didn't revoke that permission explicitly, this could be caused by a change in the organization policies. Please refer to the following documentation for more details and resolution: https://cloud.google.com/functions/docs/troubleshooting#build-service-account\n You can also view the logs at https://console.cloud.google.com/cloud-build/builds;region=us-central1/077dde02-6896-43a5-bb8a-f1911fe79235?project=112525021020.\n"}}
[debug] [2026-02-13T15:23:24.972Z] Got source token undefined for region us-central1
[error] Build failed with status: FAILURE. Could not build the function due to a missing permission on the build service account. If you didn't revoke that permission explicitly, this could be caused by a change in the organization policies. Please refer to the following documentation for more details and resolution: https://cloud.google.com/functions/docs/troubleshooting#build-service-account
 You can also view the logs at https://console.cloud.google.com/cloud-build/builds;region=us-central1/077dde02-6896-43a5-bb8a-f1911fe79235?project=112525021020.

[debug] [2026-02-13T15:23:24.977Z] Total Function Deployment time: 50106
[debug] [2026-02-13T15:23:24.977Z] 1 Functions Deployed
[debug] [2026-02-13T15:23:24.977Z] 1 Functions Errored
[debug] [2026-02-13T15:23:24.977Z] 0 Function Deployments Aborted
[debug] [2026-02-13T15:23:24.977Z] Average Function Deployment time: 50105
[info] 
[info] Functions deploy had errors with the following functions:
	runStartupDiagnostics(us-central1)
[debug] [2026-02-13T15:23:24.979Z] Checked if tokens are valid: true, expires at: 1770999697476
[debug] [2026-02-13T15:23:24.979Z] Checked if tokens are valid: true, expires at: 1770999697476
[debug] [2026-02-13T15:23:24.979Z] >>> [apiv2][query] GET https://artifactregistry.googleapis.com/v1/projects/quotechemfb/locations/us-central1/repositories/gcf-artifacts [none]
[debug] [2026-02-13T15:23:25.251Z] <<< [apiv2][status] GET https://artifactregistry.googleapis.com/v1/projects/quotechemfb/locations/us-central1/repositories/gcf-artifacts 200
[debug] [2026-02-13T15:23:25.252Z] <<< [apiv2][body] GET https://artifactregistry.googleapis.com/v1/projects/quotechemfb/locations/us-central1/repositories/gcf-artifacts {"name":"projects/quotechemfb/locations/us-central1/repositories/gcf-artifacts","format":"DOCKER","description":"This repository is created and used by Cloud Functions for storing function docker images.","labels":{"goog-managed-by":"cloudfunctions"},"createTime":"2026-02-13T15:22:46.147907Z","updateTime":"2026-02-13T15:22:46.147907Z","mode":"STANDARD_REPOSITORY","vulnerabilityScanningConfig":{"lastEnableTime":"2026-02-13T15:22:37.025594383Z","enablementState":"SCANNING_DISABLED","enablementStateReason":"API containerscanning.googleapis.com is not enabled."},"satisfiesPzi":true,"registryUri":"us-central1-docker.pkg.dev/quotechemfb/gcf-artifacts"}
[warn] ⚠  functions: No cleanup policy detected for repositories in us-central1. This may result in a small monthly bill as container images accumulate over time. 
[info] i  functions: Configuring cleanup policy for repository in us-central1. Images older than 1 days will be automatically deleted. 
[debug] [2026-02-13T15:24:34.055Z] Setting up artifact cleanup policy for region us-central1
[debug] [2026-02-13T15:24:34.061Z] Checked if tokens are valid: true, expires at: 1770999697476
[debug] [2026-02-13T15:24:34.061Z] Checked if tokens are valid: true, expires at: 1770999697476
[debug] [2026-02-13T15:24:34.062Z] >>> [apiv2][query] PATCH https://artifactregistry.googleapis.com/v1/projects/quotechemfb/locations/us-central1/repositories/gcf-artifacts updateMask=name%2CcleanupPolicies%2CcleanupPolicyDryRun%2Clabels
[debug] [2026-02-13T15:24:34.062Z] >>> [apiv2][body] PATCH https://artifactregistry.googleapis.com/v1/projects/quotechemfb/locations/us-central1/repositories/gcf-artifacts {"name":"projects/quotechemfb/locations/us-central1/repositories/gcf-artifacts","cleanupPolicies":{"firebase-functions-cleanup":{"id":"firebase-functions-cleanup","condition":{"tagState":"ANY","olderThan":"86400s"},"action":"DELETE"}},"cleanupPolicyDryRun":false,"labels":{"goog-managed-by":"cloudfunctions"}}
[debug] [2026-02-13T15:24:34.541Z] <<< [apiv2][status] PATCH https://artifactregistry.googleapis.com/v1/projects/quotechemfb/locations/us-central1/repositories/gcf-artifacts 200
[debug] [2026-02-13T15:24:34.541Z] <<< [apiv2][body] PATCH https://artifactregistry.googleapis.com/v1/projects/quotechemfb/locations/us-central1/repositories/gcf-artifacts {"name":"projects/quotechemfb/locations/us-central1/repositories/gcf-artifacts","format":"DOCKER","description":"This repository is created and used by Cloud Functions for storing function docker images.","labels":{"goog-managed-by":"cloudfunctions"},"createTime":"2026-02-13T15:22:46.147907Z","updateTime":"2026-02-13T15:24:34.502879Z","mode":"STANDARD_REPOSITORY","cleanupPolicies":{"firebase-functions-cleanup":{"id":"firebase-functions-cleanup","action":"DELETE","condition":{"tagState":"ANY","olderThan":"86400s"}}},"vulnerabilityScanningConfig":{"lastEnableTime":"2026-02-13T15:22:37.025594383Z","enablementState":"SCANNING_DISABLED","enablementStateReason":"API containerscanning.googleapis.com is not enabled."},"satisfiesPzi":true}
[info] i  functions: Configured cleanup policy for repository in us-central1. 
[debug] [2026-02-13T15:24:34.541Z] Functions deploy failed.
[debug] [2026-02-13T15:24:34.541Z] {
  "endpoint": {
    "id": "runStartupDiagnostics",
    "project": "quotechemfb",
    "region": "us-central1",
    "entryPoint": "runStartupDiagnostics",
    "platform": "gcfv2",
    "runtime": "nodejs20",
    "callableTrigger": {},
    "labels": {
      "deployment-tool": "cli-firebase"
    },
    "serviceAccount": null,
    "ingressSettings": null,
    "availableMemoryMb": null,
    "timeoutSeconds": null,
    "maxInstances": null,
    "minInstances": null,
    "concurrency": 80,
    "vpc": null,
    "environmentVariables": {
      "FIREBASE_CONFIG": "{\"projectId\":\"quotechemfb\",\"storageBucket\":\"quotechemfb.firebasestorage.app\"}",
      "GCLOUD_PROJECT": "quotechemfb",
      "EVENTARC_CLOUD_EVENT_SOURCE": "projects/quotechemfb/locations/us-central1/services/runStartupDiagnostics"
    },
    "codebase": "default",
    "cpu": 1,
    "targetedByOnly": false,
    "hash": "205968b62a61f9b16bf39ca21353d43cd9d20862"
  },
  "op": "create",
  "original": {
    "name": "FirebaseError",
    "children": [],
    "exit": 1,
    "message": "Build failed with status: FAILURE. Could not build the function due to a missing permission on the build service account. If you didn't revoke that permission explicitly, this could be caused by a change in the organization policies. Please refer to the following documentation for more details and resolution: https://cloud.google.com/functions/docs/troubleshooting#build-service-account\n You can also view the logs at https://console.cloud.google.com/cloud-build/builds;region=us-central1/077dde02-6896-43a5-bb8a-f1911fe79235?project=112525021020.\n",
    "original": {
      "code": 3,
      "message": "Build failed with status: FAILURE. Could not build the function due to a missing permission on the build service account. If you didn't revoke that permission explicitly, this could be caused by a change in the organization policies. Please refer to the following documentation for more details and resolution: https://cloud.google.com/functions/docs/troubleshooting#build-service-account\n You can also view the logs at https://console.cloud.google.com/cloud-build/builds;region=us-central1/077dde02-6896-43a5-bb8a-f1911fe79235?project=112525021020.\n"
    },
    "status": 3,
    "code": 3
  }
}
[debug] [2026-02-13T15:24:34.542Z] Error: Failed to create function runStartupDiagnostics in region us-central1
    at /Users/rambodrad/.nvm/versions/node/v20.19.5/lib/node_modules/firebase-tools/lib/deploy/functions/release/fabricator.js:306:27
    at process.processTicksAndRejections (node:internal/process/task_queues:95:5)
    at async Fabricator.createV2Function (/Users/rambodrad/.nvm/versions/node/v20.19.5/lib/node_modules/firebase-tools/lib/deploy/functions/release/fabricator.js:290:30)
    at async Fabricator.createEndpoint (/Users/rambodrad/.nvm/versions/node/v20.19.5/lib/node_modules/firebase-tools/lib/deploy/functions/release/fabricator.js:137:13)
    at async handle (/Users/rambodrad/.nvm/versions/node/v20.19.5/lib/node_modules/firebase-tools/lib/deploy/functions/release/fabricator.js:89:17)
[error] 
[error] Error: There was an error deploying functions
[debug] [2026-02-13T15:40:57.853Z] ----------------------------------------------------------------------
[debug] [2026-02-13T15:40:57.859Z] Command:       /Users/rambodrad/.nvm/versions/node/v20.19.5/bin/node /Users/rambodrad/.nvm/versions/node/v20.19.5/bin/firebase deploy --only functions --project quotechemfb
[debug] [2026-02-13T15:40:57.859Z] CLI Version:   14.15.2
[debug] [2026-02-13T15:40:57.859Z] Platform:      darwin
[debug] [2026-02-13T15:40:57.859Z] Node Version:  v20.19.5
[debug] [2026-02-13T15:40:57.859Z] Time:          Fri Feb 13 2026 08:40:57 GMT-0700 (Mountain Standard Time)
[debug] [2026-02-13T15:40:57.860Z] ----------------------------------------------------------------------
[debug] 
[debug] [2026-02-13T15:40:57.957Z] > command requires scopes: ["email","openid","https://www.googleapis.com/auth/cloudplatformprojects.readonly","https://www.googleapis.com/auth/firebase","https://www.googleapis.com/auth/cloud-platform"]
[debug] [2026-02-13T15:40:57.958Z] > authorizing via signed-in user (quotes@quotechem.com)
[debug] [2026-02-13T15:40:57.958Z] [iam] checking project quotechemfb for permissions ["cloudfunctions.functions.create","cloudfunctions.functions.delete","cloudfunctions.functions.get","cloudfunctions.functions.list","cloudfunctions.functions.update","cloudfunctions.operations.get","firebase.projects.get"]
[debug] [2026-02-13T15:40:57.958Z] Checked if tokens are valid: true, expires at: 1770999697476
[debug] [2026-02-13T15:40:57.958Z] Checked if tokens are valid: true, expires at: 1770999697476
[debug] [2026-02-13T15:40:57.959Z] >>> [apiv2][query] POST https://cloudresourcemanager.googleapis.com/v1/projects/quotechemfb:testIamPermissions [none]
[debug] [2026-02-13T15:40:57.959Z] >>> [apiv2][(partial)header] POST https://cloudresourcemanager.googleapis.com/v1/projects/quotechemfb:testIamPermissions x-goog-quota-user=projects/quotechemfb
[debug] [2026-02-13T15:40:57.959Z] >>> [apiv2][body] POST https://cloudresourcemanager.googleapis.com/v1/projects/quotechemfb:testIamPermissions {"permissions":["cloudfunctions.functions.create","cloudfunctions.functions.delete","cloudfunctions.functions.get","cloudfunctions.functions.list","cloudfunctions.functions.update","cloudfunctions.operations.get","firebase.projects.get"]}
[debug] [2026-02-13T15:40:58.180Z] <<< [apiv2][status] POST https://cloudresourcemanager.googleapis.com/v1/projects/quotechemfb:testIamPermissions 200
[debug] [2026-02-13T15:40:58.180Z] <<< [apiv2][body] POST https://cloudresourcemanager.googleapis.com/v1/projects/quotechemfb:testIamPermissions {"permissions":["cloudfunctions.functions.create","cloudfunctions.functions.delete","cloudfunctions.functions.get","cloudfunctions.functions.list","cloudfunctions.functions.update","cloudfunctions.operations.get","firebase.projects.get"]}
[debug] [2026-02-13T15:40:58.180Z] Checked if tokens are valid: true, expires at: 1770999697476
[debug] [2026-02-13T15:40:58.181Z] Checked if tokens are valid: true, expires at: 1770999697476
[debug] [2026-02-13T15:40:58.181Z] >>> [apiv2][query] POST https://iam.googleapis.com/v1/projects/quotechemfb/serviceAccounts/quotechemfb@appspot.gserviceaccount.com:testIamPermissions [none]
[debug] [2026-02-13T15:40:58.181Z] >>> [apiv2][body] POST https://iam.googleapis.com/v1/projects/quotechemfb/serviceAccounts/quotechemfb@appspot.gserviceaccount.com:testIamPermissions {"permissions":["iam.serviceAccounts.actAs"]}
[debug] [2026-02-13T15:40:58.421Z] <<< [apiv2][status] POST https://iam.googleapis.com/v1/projects/quotechemfb/serviceAccounts/quotechemfb@appspot.gserviceaccount.com:testIamPermissions 200
[debug] [2026-02-13T15:40:58.421Z] <<< [apiv2][body] POST https://iam.googleapis.com/v1/projects/quotechemfb/serviceAccounts/quotechemfb@appspot.gserviceaccount.com:testIamPermissions {"permissions":["iam.serviceAccounts.actAs"]}
[info] 
[info] === Deploying to 'quotechemfb'...
[info] 
[info] i  deploying functions 
[debug] [2026-02-13T15:40:58.425Z] Checked if tokens are valid: true, expires at: 1770999697476
[debug] [2026-02-13T15:40:58.425Z] Checked if tokens are valid: true, expires at: 1770999697476
[debug] [2026-02-13T15:40:58.426Z] >>> [apiv2][query] GET https://cloudresourcemanager.googleapis.com/v1/projects/quotechemfb [none]
[debug] [2026-02-13T15:40:58.549Z] <<< [apiv2][status] GET https://cloudresourcemanager.googleapis.com/v1/projects/quotechemfb 200
[debug] [2026-02-13T15:40:58.549Z] <<< [apiv2][body] GET https://cloudresourcemanager.googleapis.com/v1/projects/quotechemfb {"projectNumber":"112525021020","projectId":"quotechemfb","lifecycleState":"ACTIVE","name":"quotechemfb","labels":{"firebase":"enabled","firebase-core":"disabled"},"createTime":"2026-02-12T23:53:38.916557Z","parent":{"type":"organization","id":"915728744440"}}
[info] i  functions: preparing codebase default for deployment 
[info] i  functions: ensuring required API cloudfunctions.googleapis.com is enabled... 
[info] i  functions: ensuring required API cloudbuild.googleapis.com is enabled... 
[info] i  artifactregistry: ensuring required API artifactregistry.googleapis.com is enabled... 
[debug] [2026-02-13T15:40:58.551Z] Checked if tokens are valid: true, expires at: 1770999697476
[debug] [2026-02-13T15:40:58.551Z] Checked if tokens are valid: true, expires at: 1770999697476
[debug] [2026-02-13T15:40:58.551Z] >>> [apiv2][query] GET https://firebase.googleapis.com/v1beta1/projects/quotechemfb/adminSdkConfig [none]
[debug] [2026-02-13T15:40:59.030Z] <<< [apiv2][status] GET https://firebase.googleapis.com/v1beta1/projects/quotechemfb/adminSdkConfig 200
[debug] [2026-02-13T15:40:59.030Z] <<< [apiv2][body] GET https://firebase.googleapis.com/v1beta1/projects/quotechemfb/adminSdkConfig {"projectId":"quotechemfb","storageBucket":"quotechemfb.firebasestorage.app"}
[debug] [2026-02-13T15:40:59.031Z] Checked if tokens are valid: true, expires at: 1770999697476
[debug] [2026-02-13T15:40:59.031Z] Checked if tokens are valid: true, expires at: 1770999697476
[debug] [2026-02-13T15:40:59.031Z] >>> [apiv2][query] GET https://runtimeconfig.googleapis.com/v1beta1/projects/quotechemfb/configs [none]
[debug] [2026-02-13T15:40:59.298Z] <<< [apiv2][status] GET https://runtimeconfig.googleapis.com/v1beta1/projects/quotechemfb/configs 200
[debug] [2026-02-13T15:40:59.298Z] <<< [apiv2][body] GET https://runtimeconfig.googleapis.com/v1beta1/projects/quotechemfb/configs {}
[debug] [2026-02-13T15:40:59.301Z] Validating nodejs source
[warn] ⚠  functions: Runtime Node.js 20 will be deprecated on 2026-04-30 and will be decommissioned on 2026-10-30, after which you will not be able to deploy without upgrading. Consider upgrading now to avoid disruption. See https://cloud.google.com/functions/docs/runtime-support for full details on the lifecycle policy 
[warn] ⚠  functions: package.json indicates an outdated version of firebase-functions. Please upgrade using npm install --save firebase-functions@latest in your functions directory. 
[warn] ⚠  functions: Please note that there will be breaking changes when you upgrade. 
[debug] [2026-02-13T15:40:59.855Z] > [functions] package.json contents: {
  "name": "functions",
  "description": "Cloud Functions for Firebase",
  "scripts": {
    "serve": "firebase emulators:start --only functions",
    "shell": "firebase functions:shell",
    "start": "npm run shell",
    "deploy": "firebase deploy --only functions",
    "logs": "firebase functions:log"
  },
  "engines": {
    "node": "20"
  },
  "main": "index.js",
  "dependencies": {
    "firebase-admin": "^12.5.0",
    "firebase-functions": "^5.1.1",
    "fireblocks-sdk": "^5.38.0",
    "xrpl": "^4.4.0"
  },
  "devDependencies": {
    "firebase-functions-test": "^3.1.0"
  },
  "private": true,
  "type": "module"
}
[debug] [2026-02-13T15:40:59.855Z] Building nodejs source
[info] i  functions: Loading and analyzing source code for codebase default to determine what to deploy 
[debug] [2026-02-13T15:40:59.856Z] Could not find functions.yaml. Must use http discovery
[debug] [2026-02-13T15:40:59.866Z] Found firebase-functions binary at '/Users/rambodrad/quotechem/functions/node_modules/.bin/firebase-functions'
[info] Serving at port 8418

[debug] [2026-02-13T15:41:00.391Z] Got response from /__/functions.yaml {"endpoints":{"runStartupDiagnostics":{"availableMemoryMb":null,"timeoutSeconds":null,"minInstances":null,"maxInstances":null,"ingressSettings":null,"concurrency":null,"serviceAccountEmail":null,"vpc":null,"platform":"gcfv2","region":["us-central1"],"labels":{},"callableTrigger":{},"entryPoint":"runStartupDiagnostics"}},"specVersion":"v1alpha1","requiredAPIs":[],"extensions":{}}
[info] i  extensions: ensuring required API firebaseextensions.googleapis.com is enabled... 
[debug] [2026-02-13T15:41:04.428Z] > command requires scopes: ["email","openid","https://www.googleapis.com/auth/cloudplatformprojects.readonly","https://www.googleapis.com/auth/firebase","https://www.googleapis.com/auth/cloud-platform"]
[debug] [2026-02-13T15:41:04.428Z] > authorizing via signed-in user (quotes@quotechem.com)
[debug] [2026-02-13T15:41:04.428Z] [iam] checking project quotechemfb for permissions ["firebase.projects.get","firebaseextensions.instances.list"]
[debug] [2026-02-13T15:41:04.428Z] Checked if tokens are valid: true, expires at: 1770999697476
[debug] [2026-02-13T15:41:04.429Z] Checked if tokens are valid: true, expires at: 1770999697476
[debug] [2026-02-13T15:41:04.429Z] >>> [apiv2][query] POST https://cloudresourcemanager.googleapis.com/v1/projects/quotechemfb:testIamPermissions [none]
[debug] [2026-02-13T15:41:04.429Z] >>> [apiv2][(partial)header] POST https://cloudresourcemanager.googleapis.com/v1/projects/quotechemfb:testIamPermissions x-goog-quota-user=projects/quotechemfb
[debug] [2026-02-13T15:41:04.429Z] >>> [apiv2][body] POST https://cloudresourcemanager.googleapis.com/v1/projects/quotechemfb:testIamPermissions {"permissions":["firebase.projects.get","firebaseextensions.instances.list"]}
[debug] [2026-02-13T15:41:04.562Z] <<< [apiv2][status] POST https://cloudresourcemanager.googleapis.com/v1/projects/quotechemfb:testIamPermissions 200
[debug] [2026-02-13T15:41:04.563Z] <<< [apiv2][body] POST https://cloudresourcemanager.googleapis.com/v1/projects/quotechemfb:testIamPermissions {"permissions":["firebase.projects.get","firebaseextensions.instances.list"]}
[debug] [2026-02-13T15:41:04.564Z] Checked if tokens are valid: true, expires at: 1770999697476
[debug] [2026-02-13T15:41:04.564Z] Checked if tokens are valid: true, expires at: 1770999697476
[debug] [2026-02-13T15:41:04.565Z] >>> [apiv2][query] GET https://firebaseextensions.googleapis.com/v1beta/projects/quotechemfb/instances pageSize=100&pageToken=
[debug] [2026-02-13T15:41:05.022Z] <<< [apiv2][status] GET https://firebaseextensions.googleapis.com/v1beta/projects/quotechemfb/instances 200
[debug] [2026-02-13T15:41:05.022Z] <<< [apiv2][body] GET https://firebaseextensions.googleapis.com/v1beta/projects/quotechemfb/instances {}
[info] i  functions: preparing functions directory for uploading... 
[info] i  functions: packaged /Users/rambodrad/quotechem/functions (92.47 KB) for uploading 
[debug] [2026-02-13T15:41:05.074Z] Checked if tokens are valid: true, expires at: 1770999697476
[debug] [2026-02-13T15:41:05.074Z] Checked if tokens are valid: true, expires at: 1770999697476
[debug] [2026-02-13T15:41:05.074Z] >>> [apiv2][query] GET https://cloudfunctions.googleapis.com/v1/projects/quotechemfb/locations/-/functions [none]
[debug] [2026-02-13T15:41:05.845Z] <<< [apiv2][status] GET https://cloudfunctions.googleapis.com/v1/projects/quotechemfb/locations/-/functions 200
[debug] [2026-02-13T15:41:05.845Z] <<< [apiv2][body] GET https://cloudfunctions.googleapis.com/v1/projects/quotechemfb/locations/-/functions {}
[debug] [2026-02-13T15:41:05.846Z] Checked if tokens are valid: true, expires at: 1770999697476
[debug] [2026-02-13T15:41:05.846Z] Checked if tokens are valid: true, expires at: 1770999697476
[debug] [2026-02-13T15:41:05.846Z] >>> [apiv2][query] GET https://cloudfunctions.googleapis.com/v2/projects/quotechemfb/locations/-/functions filter=environment%3D%22GEN_2%22
[debug] [2026-02-13T15:41:06.435Z] <<< [apiv2][status] GET https://cloudfunctions.googleapis.com/v2/projects/quotechemfb/locations/-/functions 200
[debug] [2026-02-13T15:41:06.435Z] <<< [apiv2][body] GET https://cloudfunctions.googleapis.com/v2/projects/quotechemfb/locations/-/functions {"functions":[{"name":"projects/quotechemfb/locations/us-central1/functions/runStartupDiagnostics","buildConfig":{"build":"projects/112525021020/locations/us-central1/builds/077dde02-6896-43a5-bb8a-f1911fe79235","runtime":"nodejs20","entryPoint":"runStartupDiagnostics","source":{"storageSource":{"bucket":"gcf-v2-sources-112525021020-us-central1","object":"runStartupDiagnostics/function-source.zip","generation":"1770996155834793"}},"environmentVariables":{"GOOGLE_NODE_RUN_SCRIPTS":""},"dockerRepository":"projects/quotechemfb/locations/us-central1/repositories/gcf-artifacts","sourceProvenance":{"resolvedStorageSource":{"bucket":"gcf-v2-sources-112525021020-us-central1","object":"runStartupDiagnostics/function-source.zip","generation":"1770996155834793"}},"dockerRegistry":"ARTIFACT_REGISTRY","serviceAccount":"projects/quotechemfb/serviceAccounts/112525021020-compute@developer.gserviceaccount.com","automaticUpdatePolicy":{}},"state":"FAILED","updateTime":"2026-02-13T15:23:23.293957703Z","labels":{"firebase-functions-hash":"205968b62a61f9b16bf39ca21353d43cd9d20862","deployment-tool":"cli-firebase","deployment-callable":"true"},"stateMessages":[{"severity":"ERROR","type":"CloudRunServiceNotFound","message":"Cloud Run service projects/quotechemfb/locations/us-central1/services/runstartupdiagnostics for the function was not found. The function will not work correctly. Please redeploy."}],"environment":"GEN_2","url":"https://us-central1-quotechemfb.cloudfunctions.net/runStartupDiagnostics","createTime":"2026-02-13T15:22:36.811377494Z","satisfiesPzi":true}]}
[info] i  functions: ensuring required API run.googleapis.com is enabled... 
[info] i  functions: ensuring required API eventarc.googleapis.com is enabled... 
[info] i  functions: ensuring required API pubsub.googleapis.com is enabled... 
[info] i  functions: ensuring required API storage.googleapis.com is enabled... 
[info] i  functions: generating the service identity for pubsub.googleapis.com... 
[debug] [2026-02-13T15:41:06.437Z] Checked if tokens are valid: true, expires at: 1770999697476
[debug] [2026-02-13T15:41:06.437Z] Checked if tokens are valid: true, expires at: 1770999697476
[info] i  functions: generating the service identity for eventarc.googleapis.com... 
[debug] [2026-02-13T15:41:06.437Z] Checked if tokens are valid: true, expires at: 1770999697476
[debug] [2026-02-13T15:41:06.437Z] Checked if tokens are valid: true, expires at: 1770999697476
[debug] [2026-02-13T15:41:06.437Z] >>> [apiv2][query] POST https://serviceusage.googleapis.com/v1beta1/projects/112525021020/services/pubsub.googleapis.com:generateServiceIdentity [none]
[debug] [2026-02-13T15:41:06.437Z] >>> [apiv2][(partial)header] POST https://serviceusage.googleapis.com/v1beta1/projects/112525021020/services/pubsub.googleapis.com:generateServiceIdentity x-goog-quota-user=projects/112525021020
[debug] [2026-02-13T15:41:06.437Z] >>> [apiv2][body] POST https://serviceusage.googleapis.com/v1beta1/projects/112525021020/services/pubsub.googleapis.com:generateServiceIdentity {}
[debug] [2026-02-13T15:41:06.438Z] >>> [apiv2][query] POST https://serviceusage.googleapis.com/v1beta1/projects/112525021020/services/eventarc.googleapis.com:generateServiceIdentity [none]
[debug] [2026-02-13T15:41:06.438Z] >>> [apiv2][(partial)header] POST https://serviceusage.googleapis.com/v1beta1/projects/112525021020/services/eventarc.googleapis.com:generateServiceIdentity x-goog-quota-user=projects/112525021020
[debug] [2026-02-13T15:41:06.438Z] >>> [apiv2][body] POST https://serviceusage.googleapis.com/v1beta1/projects/112525021020/services/eventarc.googleapis.com:generateServiceIdentity {}
[debug] [2026-02-13T15:41:06.806Z] <<< [apiv2][status] POST https://serviceusage.googleapis.com/v1beta1/projects/112525021020/services/pubsub.googleapis.com:generateServiceIdentity 200
[debug] [2026-02-13T15:41:06.806Z] <<< [apiv2][body] POST https://serviceusage.googleapis.com/v1beta1/projects/112525021020/services/pubsub.googleapis.com:generateServiceIdentity {"name":"operations/finished.DONE_OPERATION","done":true,"response":{"@type":"type.googleapis.com/google.api.serviceusage.v1beta1.ServiceIdentity","email":"service-112525021020@gcp-sa-pubsub.iam.gserviceaccount.com","uniqueId":"102294733369749161414"}}
[debug] [2026-02-13T15:41:07.152Z] <<< [apiv2][status] POST https://serviceusage.googleapis.com/v1beta1/projects/112525021020/services/eventarc.googleapis.com:generateServiceIdentity 200
[debug] [2026-02-13T15:41:07.152Z] <<< [apiv2][body] POST https://serviceusage.googleapis.com/v1beta1/projects/112525021020/services/eventarc.googleapis.com:generateServiceIdentity {"name":"operations/finished.DONE_OPERATION","done":true,"response":{"@type":"type.googleapis.com/google.api.serviceusage.v1beta1.ServiceIdentity","email":"service-112525021020@gcp-sa-eventarc.iam.gserviceaccount.com","uniqueId":"109765467799307950849"}}
[debug] [2026-02-13T15:41:07.155Z] Checked if tokens are valid: true, expires at: 1770999697476
[debug] [2026-02-13T15:41:07.155Z] Checked if tokens are valid: true, expires at: 1770999697476
[debug] [2026-02-13T15:41:07.155Z] >>> [apiv2][query] GET https://cloudresourcemanager.googleapis.com/v1/projects/quotechemfb [none]
[debug] [2026-02-13T15:41:07.285Z] <<< [apiv2][status] GET https://cloudresourcemanager.googleapis.com/v1/projects/quotechemfb 200
[debug] [2026-02-13T15:41:07.286Z] <<< [apiv2][body] GET https://cloudresourcemanager.googleapis.com/v1/projects/quotechemfb {"projectNumber":"112525021020","projectId":"quotechemfb","lifecycleState":"ACTIVE","name":"quotechemfb","labels":{"firebase":"enabled","firebase-core":"disabled"},"createTime":"2026-02-12T23:53:38.916557Z","parent":{"type":"organization","id":"915728744440"}}
[debug] [2026-02-13T15:41:07.286Z] Checked if tokens are valid: true, expires at: 1770999697476
[debug] [2026-02-13T15:41:07.286Z] Checked if tokens are valid: true, expires at: 1770999697476
[debug] [2026-02-13T15:41:07.286Z] >>> [apiv2][query] GET https://compute.googleapis.com/compute/v1/projects/112525021020 [none]
[debug] [2026-02-13T15:41:07.520Z] <<< [apiv2][status] GET https://compute.googleapis.com/compute/v1/projects/112525021020 403
[debug] [2026-02-13T15:41:07.520Z] <<< [apiv2][body] GET https://compute.googleapis.com/compute/v1/projects/112525021020 {"error":{"code":403,"message":"Compute Engine API has not been used in project 112525021020 before or it is disabled. Enable it by visiting https://console.developers.google.com/apis/api/compute.googleapis.com/overview?project=112525021020 then retry. If you enabled this API recently, wait a few minutes for the action to propagate to our systems and retry.","errors":[{"message":"Compute Engine API has not been used in project 112525021020 before or it is disabled. Enable it by visiting https://console.developers.google.com/apis/api/compute.googleapis.com/overview?project=112525021020 then retry. If you enabled this API recently, wait a few minutes for the action to propagate to our systems and retry.","domain":"usageLimits","reason":"accessNotConfigured","extendedHelp":"https://console.developers.google.com"}],"status":"PERMISSION_DENIED","details":[{"@type":"type.googleapis.com/google.rpc.ErrorInfo","reason":"SERVICE_DISABLED","domain":"googleapis.com","metadata":{"serviceTitle":"Compute Engine API","activationUrl":"https://console.developers.google.com/apis/api/compute.googleapis.com/overview?project=112525021020","consumer":"projects/112525021020","containerInfo":"112525021020","service":"compute.googleapis.com"}},{"@type":"type.googleapis.com/google.rpc.LocalizedMessage","locale":"en-US","message":"Compute Engine API has not been used in project 112525021020 before or it is disabled. Enable it by visiting https://console.developers.google.com/apis/api/compute.googleapis.com/overview?project=112525021020 then retry. If you enabled this API recently, wait a few minutes for the action to propagate to our systems and retry."},{"@type":"type.googleapis.com/google.rpc.Help","links":[{"description":"Google developers console API activation","url":"https://console.developers.google.com/apis/api/compute.googleapis.com/overview?project=112525021020"}]}]}}
[debug] [2026-02-13T15:41:07.520Z] unable to look up default compute service account. Falling back to 112525021020-compute@developer.gserviceaccount.com. Error: {"name":"FirebaseError","children":[],"context":{"body":{"error":{"code":403,"message":"Compute Engine API has not been used in project 112525021020 before or it is disabled. Enable it by visiting https://console.developers.google.com/apis/api/compute.googleapis.com/overview?project=112525021020 then retry. If you enabled this API recently, wait a few minutes for the action to propagate to our systems and retry.","errors":[{"message":"Compute Engine API has not been used in project 112525021020 before or it is disabled. Enable it by visiting https://console.developers.google.com/apis/api/compute.googleapis.com/overview?project=112525021020 then retry. If you enabled this API recently, wait a few minutes for the action to propagate to our systems and retry.","domain":"usageLimits","reason":"accessNotConfigured","extendedHelp":"https://console.developers.google.com"}],"status":"PERMISSION_DENIED","details":[{"@type":"type.googleapis.com/google.rpc.ErrorInfo","reason":"SERVICE_DISABLED","domain":"googleapis.com","metadata":{"serviceTitle":"Compute Engine API","activationUrl":"https://console.developers.google.com/apis/api/compute.googleapis.com/overview?project=112525021020","consumer":"projects/112525021020","containerInfo":"112525021020","service":"compute.googleapis.com"}},{"@type":"type.googleapis.com/google.rpc.LocalizedMessage","locale":"en-US","message":"Compute Engine API has not been used in project 112525021020 before or it is disabled. Enable it by visiting https://console.developers.google.com/apis/api/compute.googleapis.com/overview?project=112525021020 then retry. If you enabled this API recently, wait a few minutes for the action to propagate to our systems and retry."},{"@type":"type.googleapis.com/google.rpc.Help","links":[{"description":"Google developers console API activation","url":"https://console.developers.google.com/apis/api/compute.googleapis.com/overview?project=112525021020"}]}]}},"response":{"statusCode":403}},"exit":1,"message":"Request to https://compute.googleapis.com/compute/v1/projects/112525021020 had HTTP Error: 403, Compute Engine API has not been used in project 112525021020 before or it is disabled. Enable it by visiting https://console.developers.google.com/apis/api/compute.googleapis.com/overview?project=112525021020 then retry. If you enabled this API recently, wait a few minutes for the action to propagate to our systems and retry.","status":403}
[debug] [2026-02-13T15:41:07.521Z] Checked if tokens are valid: true, expires at: 1770999697476
[debug] [2026-02-13T15:41:07.521Z] Checked if tokens are valid: true, expires at: 1770999697476
[debug] [2026-02-13T15:41:07.521Z] >>> [apiv2][query] GET https://compute.googleapis.com/compute/v1/projects/112525021020 [none]
[debug] [2026-02-13T15:41:07.653Z] <<< [apiv2][status] GET https://compute.googleapis.com/compute/v1/projects/112525021020 403
[debug] [2026-02-13T15:41:07.653Z] <<< [apiv2][body] GET https://compute.googleapis.com/compute/v1/projects/112525021020 {"error":{"code":403,"message":"Compute Engine API has not been used in project 112525021020 before or it is disabled. Enable it by visiting https://console.developers.google.com/apis/api/compute.googleapis.com/overview?project=112525021020 then retry. If you enabled this API recently, wait a few minutes for the action to propagate to our systems and retry.","errors":[{"message":"Compute Engine API has not been used in project 112525021020 before or it is disabled. Enable it by visiting https://console.developers.google.com/apis/api/compute.googleapis.com/overview?project=112525021020 then retry. If you enabled this API recently, wait a few minutes for the action to propagate to our systems and retry.","domain":"usageLimits","reason":"accessNotConfigured","extendedHelp":"https://console.developers.google.com"}],"status":"PERMISSION_DENIED","details":[{"@type":"type.googleapis.com/google.rpc.ErrorInfo","reason":"SERVICE_DISABLED","domain":"googleapis.com","metadata":{"consumer":"projects/112525021020","serviceTitle":"Compute Engine API","service":"compute.googleapis.com","activationUrl":"https://console.developers.google.com/apis/api/compute.googleapis.com/overview?project=112525021020","containerInfo":"112525021020"}},{"@type":"type.googleapis.com/google.rpc.LocalizedMessage","locale":"en-US","message":"Compute Engine API has not been used in project 112525021020 before or it is disabled. Enable it by visiting https://console.developers.google.com/apis/api/compute.googleapis.com/overview?project=112525021020 then retry. If you enabled this API recently, wait a few minutes for the action to propagate to our systems and retry."},{"@type":"type.googleapis.com/google.rpc.Help","links":[{"description":"Google developers console API activation","url":"https://console.developers.google.com/apis/api/compute.googleapis.com/overview?project=112525021020"}]}]}}
[debug] [2026-02-13T15:41:07.653Z] unable to look up default compute service account. Falling back to 112525021020-compute@developer.gserviceaccount.com. Error: {"name":"FirebaseError","children":[],"context":{"body":{"error":{"code":403,"message":"Compute Engine API has not been used in project 112525021020 before or it is disabled. Enable it by visiting https://console.developers.google.com/apis/api/compute.googleapis.com/overview?project=112525021020 then retry. If you enabled this API recently, wait a few minutes for the action to propagate to our systems and retry.","errors":[{"message":"Compute Engine API has not been used in project 112525021020 before or it is disabled. Enable it by visiting https://console.developers.google.com/apis/api/compute.googleapis.com/overview?project=112525021020 then retry. If you enabled this API recently, wait a few minutes for the action to propagate to our systems and retry.","domain":"usageLimits","reason":"accessNotConfigured","extendedHelp":"https://console.developers.google.com"}],"status":"PERMISSION_DENIED","details":[{"@type":"type.googleapis.com/google.rpc.ErrorInfo","reason":"SERVICE_DISABLED","domain":"googleapis.com","metadata":{"consumer":"projects/112525021020","serviceTitle":"Compute Engine API","service":"compute.googleapis.com","activationUrl":"https://console.developers.google.com/apis/api/compute.googleapis.com/overview?project=112525021020","containerInfo":"112525021020"}},{"@type":"type.googleapis.com/google.rpc.LocalizedMessage","locale":"en-US","message":"Compute Engine API has not been used in project 112525021020 before or it is disabled. Enable it by visiting https://console.developers.google.com/apis/api/compute.googleapis.com/overview?project=112525021020 then retry. If you enabled this API recently, wait a few minutes for the action to propagate to our systems and retry."},{"@type":"type.googleapis.com/google.rpc.Help","links":[{"description":"Google developers console API activation","url":"https://console.developers.google.com/apis/api/compute.googleapis.com/overview?project=112525021020"}]}]}},"response":{"statusCode":403}},"exit":1,"message":"Request to https://compute.googleapis.com/compute/v1/projects/112525021020 had HTTP Error: 403, Compute Engine API has not been used in project 112525021020 before or it is disabled. Enable it by visiting https://console.developers.google.com/apis/api/compute.googleapis.com/overview?project=112525021020 then retry. If you enabled this API recently, wait a few minutes for the action to propagate to our systems and retry.","status":403}
[debug] [2026-02-13T15:41:07.654Z] Checked if tokens are valid: true, expires at: 1770999697476
[debug] [2026-02-13T15:41:07.654Z] Checked if tokens are valid: true, expires at: 1770999697476
[debug] [2026-02-13T15:41:07.655Z] >>> [apiv2][query] GET https://cloudbilling.googleapis.com/v1/projects/quotechemfb/billingInfo [none]
[debug] [2026-02-13T15:41:08.190Z] <<< [apiv2][status] GET https://cloudbilling.googleapis.com/v1/projects/quotechemfb/billingInfo 200
[debug] [2026-02-13T15:41:08.190Z] <<< [apiv2][body] GET https://cloudbilling.googleapis.com/v1/projects/quotechemfb/billingInfo {"name":"projects/quotechemfb/billingInfo","projectId":"quotechemfb","billingAccountName":"billingAccounts/01CCBF-492FE0-EEF400","billingEnabled":true}
[info] i  functions: updating Node.js 20 (2nd Gen) function runStartupDiagnostics(us-central1)... 
[debug] [2026-02-13T15:41:08.196Z] Precondition failed. Cannot update a GCFv2 function without storage
[debug] [2026-02-13T15:41:08.197Z] Total Function Deployment time: 1
[debug] [2026-02-13T15:41:08.197Z] 1 Functions Deployed
[debug] [2026-02-13T15:41:08.197Z] 1 Functions Errored
[debug] [2026-02-13T15:41:08.197Z] 0 Function Deployments Aborted
[debug] [2026-02-13T15:41:08.197Z] Average Function Deployment time: 0
[info] 
[info] Functions deploy had errors with the following functions:
	runStartupDiagnostics(us-central1)
[debug] [2026-02-13T15:41:08.198Z] Checked if tokens are valid: true, expires at: 1770999697476
[debug] [2026-02-13T15:41:08.198Z] Checked if tokens are valid: true, expires at: 1770999697476
[debug] [2026-02-13T15:41:08.199Z] >>> [apiv2][query] GET https://artifactregistry.googleapis.com/v1/projects/quotechemfb/locations/us-central1/repositories/gcf-artifacts [none]
[debug] [2026-02-13T15:41:08.456Z] <<< [apiv2][status] GET https://artifactregistry.googleapis.com/v1/projects/quotechemfb/locations/us-central1/repositories/gcf-artifacts 200
[debug] [2026-02-13T15:41:08.456Z] <<< [apiv2][body] GET https://artifactregistry.googleapis.com/v1/projects/quotechemfb/locations/us-central1/repositories/gcf-artifacts {"name":"projects/quotechemfb/locations/us-central1/repositories/gcf-artifacts","format":"DOCKER","description":"This repository is created and used by Cloud Functions for storing function docker images.","labels":{"goog-managed-by":"cloudfunctions"},"createTime":"2026-02-13T15:22:46.147907Z","updateTime":"2026-02-13T15:24:34.502879Z","mode":"STANDARD_REPOSITORY","cleanupPolicies":{"firebase-functions-cleanup":{"id":"firebase-functions-cleanup","action":"DELETE","condition":{"tagState":"ANY","olderThan":"86400s"}}},"vulnerabilityScanningConfig":{"lastEnableTime":"2026-02-13T15:22:37.025594383Z","enablementState":"SCANNING_DISABLED","enablementStateReason":"API containerscanning.googleapis.com is not enabled."},"satisfiesPzi":true,"registryUri":"us-central1-docker.pkg.dev/quotechemfb/gcf-artifacts"}
[debug] [2026-02-13T15:41:08.457Z] Functions deploy failed.
[debug] [2026-02-13T15:41:08.458Z] {}
[debug] [2026-02-13T15:41:08.465Z] Error: Precondition failed
    at Fabricator.updateV2Function (/Users/rambodrad/.nvm/versions/node/v20.19.5/lib/node_modules/firebase-tools/lib/deploy/functions/release/fabricator.js:394:19)
    at Fabricator.updateEndpoint (/Users/rambodrad/.nvm/versions/node/v20.19.5/lib/node_modules/firebase-tools/lib/deploy/functions/release/fabricator.js:160:24)
    at /Users/rambodrad/.nvm/versions/node/v20.19.5/lib/node_modules/firebase-tools/lib/deploy/functions/release/fabricator.js:110:71
    at handle (/Users/rambodrad/.nvm/versions/node/v20.19.5/lib/node_modules/firebase-tools/lib/deploy/functions/release/fabricator.js:89:23)
    at Fabricator.applyChangeset (/Users/rambodrad/.nvm/versions/node/v20.19.5/lib/node_modules/firebase-tools/lib/deploy/functions/release/fabricator.js:110:26)
    at /Users/rambodrad/.nvm/versions/node/v20.19.5/lib/node_modules/firebase-tools/lib/deploy/functions/release/fabricator.js:69:40
    at Array.map (<anonymous>)
    at Fabricator.applyPlan (/Users/rambodrad/.nvm/versions/node/v20.19.5/lib/node_modules/firebase-tools/lib/deploy/functions/release/fabricator.js:68:54)
    at release (/Users/rambodrad/.nvm/versions/node/v20.19.5/lib/node_modules/firebase-tools/lib/deploy/functions/release/index.js:76:31)
    at process.processTicksAndRejections (node:internal/process/task_queues:95:5)
[error] 
[error] Error: There was an error deploying functions
[debug] [2026-02-13T15:43:13.117Z] ----------------------------------------------------------------------
[debug] [2026-02-13T15:43:13.123Z] Command:       /Users/rambodrad/.nvm/versions/node/v20.19.5/bin/node /Users/rambodrad/.nvm/versions/node/v20.19.5/bin/firebase deploy --only functions --project quotechemfb --debug
[debug] [2026-02-13T15:43:13.123Z] CLI Version:   14.15.2
[debug] [2026-02-13T15:43:13.124Z] Platform:      darwin
[debug] [2026-02-13T15:43:13.124Z] Node Version:  v20.19.5
[debug] [2026-02-13T15:43:13.124Z] Time:          Fri Feb 13 2026 08:43:13 GMT-0700 (Mountain Standard Time)
[debug] [2026-02-13T15:43:13.124Z] ----------------------------------------------------------------------
[debug] 
[debug] [2026-02-13T15:43:13.224Z] > command requires scopes: ["email","openid","https://www.googleapis.com/auth/cloudplatformprojects.readonly","https://www.googleapis.com/auth/firebase","https://www.googleapis.com/auth/cloud-platform"]
[debug] [2026-02-13T15:43:13.226Z] > authorizing via signed-in user (quotes@quotechem.com)
[debug] [2026-02-13T15:43:13.226Z] [iam] checking project quotechemfb for permissions ["cloudfunctions.functions.create","cloudfunctions.functions.delete","cloudfunctions.functions.get","cloudfunctions.functions.list","cloudfunctions.functions.update","cloudfunctions.operations.get","firebase.projects.get"]
[debug] [2026-02-13T15:43:13.226Z] Checked if tokens are valid: true, expires at: 1770999697476
[debug] [2026-02-13T15:43:13.226Z] Checked if tokens are valid: true, expires at: 1770999697476
[debug] [2026-02-13T15:43:13.227Z] >>> [apiv2][query] POST https://cloudresourcemanager.googleapis.com/v1/projects/quotechemfb:testIamPermissions [none]
[debug] [2026-02-13T15:43:13.227Z] >>> [apiv2][(partial)header] POST https://cloudresourcemanager.googleapis.com/v1/projects/quotechemfb:testIamPermissions x-goog-quota-user=projects/quotechemfb
[debug] [2026-02-13T15:43:13.227Z] >>> [apiv2][body] POST https://cloudresourcemanager.googleapis.com/v1/projects/quotechemfb:testIamPermissions {"permissions":["cloudfunctions.functions.create","cloudfunctions.functions.delete","cloudfunctions.functions.get","cloudfunctions.functions.list","cloudfunctions.functions.update","cloudfunctions.operations.get","firebase.projects.get"]}
[debug] [2026-02-13T15:43:13.417Z] <<< [apiv2][status] POST https://cloudresourcemanager.googleapis.com/v1/projects/quotechemfb:testIamPermissions 200
[debug] [2026-02-13T15:43:13.417Z] <<< [apiv2][body] POST https://cloudresourcemanager.googleapis.com/v1/projects/quotechemfb:testIamPermissions {"permissions":["cloudfunctions.functions.create","cloudfunctions.functions.delete","cloudfunctions.functions.get","cloudfunctions.functions.list","cloudfunctions.functions.update","cloudfunctions.operations.get","firebase.projects.get"]}
[debug] [2026-02-13T15:43:13.418Z] Checked if tokens are valid: true, expires at: 1770999697476
[debug] [2026-02-13T15:43:13.418Z] Checked if tokens are valid: true, expires at: 1770999697476
[debug] [2026-02-13T15:43:13.418Z] >>> [apiv2][query] POST https://iam.googleapis.com/v1/projects/quotechemfb/serviceAccounts/quotechemfb@appspot.gserviceaccount.com:testIamPermissions [none]
[debug] [2026-02-13T15:43:13.418Z] >>> [apiv2][body] POST https://iam.googleapis.com/v1/projects/quotechemfb/serviceAccounts/quotechemfb@appspot.gserviceaccount.com:testIamPermissions {"permissions":["iam.serviceAccounts.actAs"]}
[debug] [2026-02-13T15:43:13.688Z] <<< [apiv2][status] POST https://iam.googleapis.com/v1/projects/quotechemfb/serviceAccounts/quotechemfb@appspot.gserviceaccount.com:testIamPermissions 200
[debug] [2026-02-13T15:43:13.689Z] <<< [apiv2][body] POST https://iam.googleapis.com/v1/projects/quotechemfb/serviceAccounts/quotechemfb@appspot.gserviceaccount.com:testIamPermissions {"permissions":["iam.serviceAccounts.actAs"]}
[info] 
[info] === Deploying to 'quotechemfb'...
[info] 
[info] i  deploying functions 
[debug] [2026-02-13T15:43:13.693Z] Checked if tokens are valid: true, expires at: 1770999697476
[debug] [2026-02-13T15:43:13.693Z] Checked if tokens are valid: true, expires at: 1770999697476
[debug] [2026-02-13T15:43:13.693Z] >>> [apiv2][query] GET https://cloudresourcemanager.googleapis.com/v1/projects/quotechemfb [none]
[debug] [2026-02-13T15:43:13.826Z] <<< [apiv2][status] GET https://cloudresourcemanager.googleapis.com/v1/projects/quotechemfb 200
[debug] [2026-02-13T15:43:13.826Z] <<< [apiv2][body] GET https://cloudresourcemanager.googleapis.com/v1/projects/quotechemfb {"projectNumber":"112525021020","projectId":"quotechemfb","lifecycleState":"ACTIVE","name":"quotechemfb","labels":{"firebase":"enabled","firebase-core":"disabled"},"createTime":"2026-02-12T23:53:38.916557Z","parent":{"type":"organization","id":"915728744440"}}
[info] i  functions: preparing codebase default for deployment 
[info] i  functions: ensuring required API cloudfunctions.googleapis.com is enabled... 
[info] i  functions: ensuring required API cloudbuild.googleapis.com is enabled... 
[info] i  artifactregistry: ensuring required API artifactregistry.googleapis.com is enabled... 
[debug] [2026-02-13T15:43:13.832Z] Checked if tokens are valid: true, expires at: 1770999697476
[debug] [2026-02-13T15:43:13.832Z] Checked if tokens are valid: true, expires at: 1770999697476
[debug] [2026-02-13T15:43:13.832Z] >>> [apiv2][query] GET https://firebase.googleapis.com/v1beta1/projects/quotechemfb/adminSdkConfig [none]
[debug] [2026-02-13T15:43:14.298Z] <<< [apiv2][status] GET https://firebase.googleapis.com/v1beta1/projects/quotechemfb/adminSdkConfig 200
[debug] [2026-02-13T15:43:14.298Z] <<< [apiv2][body] GET https://firebase.googleapis.com/v1beta1/projects/quotechemfb/adminSdkConfig {"projectId":"quotechemfb","storageBucket":"quotechemfb.firebasestorage.app"}
[debug] [2026-02-13T15:43:14.299Z] Checked if tokens are valid: true, expires at: 1770999697476
[debug] [2026-02-13T15:43:14.299Z] Checked if tokens are valid: true, expires at: 1770999697476
[debug] [2026-02-13T15:43:14.299Z] >>> [apiv2][query] GET https://runtimeconfig.googleapis.com/v1beta1/projects/quotechemfb/configs [none]
[debug] [2026-02-13T15:43:14.536Z] <<< [apiv2][status] GET https://runtimeconfig.googleapis.com/v1beta1/projects/quotechemfb/configs 200
[debug] [2026-02-13T15:43:14.537Z] <<< [apiv2][body] GET https://runtimeconfig.googleapis.com/v1beta1/projects/quotechemfb/configs {}
[debug] [2026-02-13T15:43:14.541Z] Validating nodejs source
[warn] ⚠  functions: Runtime Node.js 20 will be deprecated on 2026-04-30 and will be decommissioned on 2026-10-30, after which you will not be able to deploy without upgrading. Consider upgrading now to avoid disruption. See https://cloud.google.com/functions/docs/runtime-support for full details on the lifecycle policy 
[warn] ⚠  functions: package.json indicates an outdated version of firebase-functions. Please upgrade using npm install --save firebase-functions@latest in your functions directory. 
[warn] ⚠  functions: Please note that there will be breaking changes when you upgrade. 
[debug] [2026-02-13T15:43:15.082Z] > [functions] package.json contents: {
  "name": "functions",
  "description": "Cloud Functions for Firebase",
  "scripts": {
    "serve": "firebase emulators:start --only functions",
    "shell": "firebase functions:shell",
    "start": "npm run shell",
    "deploy": "firebase deploy --only functions",
    "logs": "firebase functions:log"
  },
  "engines": {
    "node": "20"
  },
  "main": "index.js",
  "dependencies": {
    "firebase-admin": "^12.5.0",
    "firebase-functions": "^5.1.1",
    "fireblocks-sdk": "^5.38.0",
    "xrpl": "^4.4.0"
  },
  "devDependencies": {
    "firebase-functions-test": "^3.1.0"
  },
  "private": true,
  "type": "module"
}
[debug] [2026-02-13T15:43:15.082Z] Building nodejs source
[info] i  functions: Loading and analyzing source code for codebase default to determine what to deploy 
[debug] [2026-02-13T15:43:15.083Z] Could not find functions.yaml. Must use http discovery
[debug] [2026-02-13T15:43:15.090Z] Found firebase-functions binary at '/Users/rambodrad/quotechem/functions/node_modules/.bin/firebase-functions'
[info] Serving at port 8014

[debug] [2026-02-13T15:43:15.506Z] Got response from /__/functions.yaml {"endpoints":{"runStartupDiagnostics":{"availableMemoryMb":null,"timeoutSeconds":null,"minInstances":null,"maxInstances":null,"ingressSettings":null,"concurrency":null,"serviceAccountEmail":null,"vpc":null,"platform":"gcfv2","region":["us-central1"],"labels":{},"callableTrigger":{},"entryPoint":"runStartupDiagnostics"}},"specVersion":"v1alpha1","requiredAPIs":[],"extensions":{}}
[info] i  extensions: ensuring required API firebaseextensions.googleapis.com is enabled... 
[debug] [2026-02-13T15:43:19.538Z] > command requires scopes: ["email","openid","https://www.googleapis.com/auth/cloudplatformprojects.readonly","https://www.googleapis.com/auth/firebase","https://www.googleapis.com/auth/cloud-platform"]
[debug] [2026-02-13T15:43:19.538Z] > authorizing via signed-in user (quotes@quotechem.com)
[debug] [2026-02-13T15:43:19.538Z] [iam] checking project quotechemfb for permissions ["firebase.projects.get","firebaseextensions.instances.list"]
[debug] [2026-02-13T15:43:19.539Z] Checked if tokens are valid: true, expires at: 1770999697476
[debug] [2026-02-13T15:43:19.539Z] Checked if tokens are valid: true, expires at: 1770999697476
[debug] [2026-02-13T15:43:19.539Z] >>> [apiv2][query] POST https://cloudresourcemanager.googleapis.com/v1/projects/quotechemfb:testIamPermissions [none]
[debug] [2026-02-13T15:43:19.539Z] >>> [apiv2][(partial)header] POST https://cloudresourcemanager.googleapis.com/v1/projects/quotechemfb:testIamPermissions x-goog-quota-user=projects/quotechemfb
[debug] [2026-02-13T15:43:19.539Z] >>> [apiv2][body] POST https://cloudresourcemanager.googleapis.com/v1/projects/quotechemfb:testIamPermissions {"permissions":["firebase.projects.get","firebaseextensions.instances.list"]}
[debug] [2026-02-13T15:43:19.671Z] <<< [apiv2][status] POST https://cloudresourcemanager.googleapis.com/v1/projects/quotechemfb:testIamPermissions 200
[debug] [2026-02-13T15:43:19.672Z] <<< [apiv2][body] POST https://cloudresourcemanager.googleapis.com/v1/projects/quotechemfb:testIamPermissions {"permissions":["firebase.projects.get","firebaseextensions.instances.list"]}
[debug] [2026-02-13T15:43:19.673Z] Checked if tokens are valid: true, expires at: 1770999697476
[debug] [2026-02-13T15:43:19.673Z] Checked if tokens are valid: true, expires at: 1770999697476
[debug] [2026-02-13T15:43:19.677Z] >>> [apiv2][query] GET https://firebaseextensions.googleapis.com/v1beta/projects/quotechemfb/instances pageSize=100&pageToken=
[debug] [2026-02-13T15:43:20.185Z] <<< [apiv2][status] GET https://firebaseextensions.googleapis.com/v1beta/projects/quotechemfb/instances 200
[debug] [2026-02-13T15:43:20.185Z] <<< [apiv2][body] GET https://firebaseextensions.googleapis.com/v1beta/projects/quotechemfb/instances {}
[info] i  functions: preparing functions directory for uploading... 
[info] i  functions: packaged /Users/rambodrad/quotechem/functions (92.47 KB) for uploading 
[debug] [2026-02-13T15:43:20.332Z] Checked if tokens are valid: true, expires at: 1770999697476
[debug] [2026-02-13T15:43:20.333Z] Checked if tokens are valid: true, expires at: 1770999697476
[debug] [2026-02-13T15:43:20.333Z] >>> [apiv2][query] GET https://cloudfunctions.googleapis.com/v1/projects/quotechemfb/locations/-/functions [none]
[debug] [2026-02-13T15:43:20.984Z] <<< [apiv2][status] GET https://cloudfunctions.googleapis.com/v1/projects/quotechemfb/locations/-/functions 200
[debug] [2026-02-13T15:43:20.985Z] <<< [apiv2][body] GET https://cloudfunctions.googleapis.com/v1/projects/quotechemfb/locations/-/functions {}
[debug] [2026-02-13T15:43:20.985Z] Checked if tokens are valid: true, expires at: 1770999697476
[debug] [2026-02-13T15:43:20.985Z] Checked if tokens are valid: true, expires at: 1770999697476
[debug] [2026-02-13T15:43:20.986Z] >>> [apiv2][query] GET https://cloudfunctions.googleapis.com/v2/projects/quotechemfb/locations/-/functions filter=environment%3D%22GEN_2%22
[debug] [2026-02-13T15:43:21.405Z] <<< [apiv2][status] GET https://cloudfunctions.googleapis.com/v2/projects/quotechemfb/locations/-/functions 200
[debug] [2026-02-13T15:43:21.406Z] <<< [apiv2][body] GET https://cloudfunctions.googleapis.com/v2/projects/quotechemfb/locations/-/functions {"functions":[{"name":"projects/quotechemfb/locations/us-central1/functions/runStartupDiagnostics","buildConfig":{"build":"projects/112525021020/locations/us-central1/builds/077dde02-6896-43a5-bb8a-f1911fe79235","runtime":"nodejs20","entryPoint":"runStartupDiagnostics","source":{"storageSource":{"bucket":"gcf-v2-sources-112525021020-us-central1","object":"runStartupDiagnostics/function-source.zip","generation":"1770996155834793"}},"environmentVariables":{"GOOGLE_NODE_RUN_SCRIPTS":""},"dockerRepository":"projects/quotechemfb/locations/us-central1/repositories/gcf-artifacts","sourceProvenance":{"resolvedStorageSource":{"bucket":"gcf-v2-sources-112525021020-us-central1","object":"runStartupDiagnostics/function-source.zip","generation":"1770996155834793"}},"dockerRegistry":"ARTIFACT_REGISTRY","serviceAccount":"projects/quotechemfb/serviceAccounts/112525021020-compute@developer.gserviceaccount.com","automaticUpdatePolicy":{}},"state":"FAILED","updateTime":"2026-02-13T15:23:23.293957703Z","labels":{"deployment-tool":"cli-firebase","deployment-callable":"true","firebase-functions-hash":"205968b62a61f9b16bf39ca21353d43cd9d20862"},"stateMessages":[{"severity":"ERROR","type":"CloudRunServiceNotFound","message":"Cloud Run service projects/quotechemfb/locations/us-central1/services/runstartupdiagnostics for the function was not found. The function will not work correctly. Please redeploy."}],"environment":"GEN_2","url":"https://us-central1-quotechemfb.cloudfunctions.net/runStartupDiagnostics","createTime":"2026-02-13T15:22:36.811377494Z","satisfiesPzi":true}]}
[info] i  functions: ensuring required API run.googleapis.com is enabled... 
[info] i  functions: ensuring required API eventarc.googleapis.com is enabled... 
[info] i  functions: ensuring required API pubsub.googleapis.com is enabled... 
[info] i  functions: ensuring required API storage.googleapis.com is enabled... 
[info] i  functions: generating the service identity for pubsub.googleapis.com... 
[debug] [2026-02-13T15:43:21.412Z] Checked if tokens are valid: true, expires at: 1770999697476
[debug] [2026-02-13T15:43:21.412Z] Checked if tokens are valid: true, expires at: 1770999697476
[info] i  functions: generating the service identity for eventarc.googleapis.com... 
[debug] [2026-02-13T15:43:21.412Z] Checked if tokens are valid: true, expires at: 1770999697476
[debug] [2026-02-13T15:43:21.412Z] Checked if tokens are valid: true, expires at: 1770999697476
[debug] [2026-02-13T15:43:21.412Z] >>> [apiv2][query] POST https://serviceusage.googleapis.com/v1beta1/projects/112525021020/services/pubsub.googleapis.com:generateServiceIdentity [none]
[debug] [2026-02-13T15:43:21.412Z] >>> [apiv2][(partial)header] POST https://serviceusage.googleapis.com/v1beta1/projects/112525021020/services/pubsub.googleapis.com:generateServiceIdentity x-goog-quota-user=projects/112525021020
[debug] [2026-02-13T15:43:21.412Z] >>> [apiv2][body] POST https://serviceusage.googleapis.com/v1beta1/projects/112525021020/services/pubsub.googleapis.com:generateServiceIdentity {}
[debug] [2026-02-13T15:43:21.413Z] >>> [apiv2][query] POST https://serviceusage.googleapis.com/v1beta1/projects/112525021020/services/eventarc.googleapis.com:generateServiceIdentity [none]
[debug] [2026-02-13T15:43:21.413Z] >>> [apiv2][(partial)header] POST https://serviceusage.googleapis.com/v1beta1/projects/112525021020/services/eventarc.googleapis.com:generateServiceIdentity x-goog-quota-user=projects/112525021020
[debug] [2026-02-13T15:43:21.413Z] >>> [apiv2][body] POST https://serviceusage.googleapis.com/v1beta1/projects/112525021020/services/eventarc.googleapis.com:generateServiceIdentity {}
[debug] [2026-02-13T15:43:21.937Z] <<< [apiv2][status] POST https://serviceusage.googleapis.com/v1beta1/projects/112525021020/services/eventarc.googleapis.com:generateServiceIdentity 200
[debug] [2026-02-13T15:43:21.937Z] <<< [apiv2][body] POST https://serviceusage.googleapis.com/v1beta1/projects/112525021020/services/eventarc.googleapis.com:generateServiceIdentity {"name":"operations/finished.DONE_OPERATION","done":true,"response":{"@type":"type.googleapis.com/google.api.serviceusage.v1beta1.ServiceIdentity","email":"service-112525021020@gcp-sa-eventarc.iam.gserviceaccount.com","uniqueId":"109765467799307950849"}}
[debug] [2026-02-13T15:43:22.015Z] <<< [apiv2][status] POST https://serviceusage.googleapis.com/v1beta1/projects/112525021020/services/pubsub.googleapis.com:generateServiceIdentity 200
[debug] [2026-02-13T15:43:22.015Z] <<< [apiv2][body] POST https://serviceusage.googleapis.com/v1beta1/projects/112525021020/services/pubsub.googleapis.com:generateServiceIdentity {"name":"operations/finished.DONE_OPERATION","done":true,"response":{"@type":"type.googleapis.com/google.api.serviceusage.v1beta1.ServiceIdentity","email":"service-112525021020@gcp-sa-pubsub.iam.gserviceaccount.com","uniqueId":"102294733369749161414"}}
[debug] [2026-02-13T15:43:22.019Z] Checked if tokens are valid: true, expires at: 1770999697476
[debug] [2026-02-13T15:43:22.019Z] Checked if tokens are valid: true, expires at: 1770999697476
[debug] [2026-02-13T15:43:22.020Z] >>> [apiv2][query] GET https://cloudresourcemanager.googleapis.com/v1/projects/quotechemfb [none]
[debug] [2026-02-13T15:43:22.154Z] <<< [apiv2][status] GET https://cloudresourcemanager.googleapis.com/v1/projects/quotechemfb 200
[debug] [2026-02-13T15:43:22.154Z] <<< [apiv2][body] GET https://cloudresourcemanager.googleapis.com/v1/projects/quotechemfb {"projectNumber":"112525021020","projectId":"quotechemfb","lifecycleState":"ACTIVE","name":"quotechemfb","labels":{"firebase":"enabled","firebase-core":"disabled"},"createTime":"2026-02-12T23:53:38.916557Z","parent":{"type":"organization","id":"915728744440"}}
[debug] [2026-02-13T15:43:22.154Z] Checked if tokens are valid: true, expires at: 1770999697476
[debug] [2026-02-13T15:43:22.154Z] Checked if tokens are valid: true, expires at: 1770999697476
[debug] [2026-02-13T15:43:22.154Z] >>> [apiv2][query] GET https://compute.googleapis.com/compute/v1/projects/112525021020 [none]
[debug] [2026-02-13T15:43:22.351Z] <<< [apiv2][status] GET https://compute.googleapis.com/compute/v1/projects/112525021020 403
[debug] [2026-02-13T15:43:22.351Z] <<< [apiv2][body] GET https://compute.googleapis.com/compute/v1/projects/112525021020 {"error":{"code":403,"message":"Compute Engine API has not been used in project 112525021020 before or it is disabled. Enable it by visiting https://console.developers.google.com/apis/api/compute.googleapis.com/overview?project=112525021020 then retry. If you enabled this API recently, wait a few minutes for the action to propagate to our systems and retry.","errors":[{"message":"Compute Engine API has not been used in project 112525021020 before or it is disabled. Enable it by visiting https://console.developers.google.com/apis/api/compute.googleapis.com/overview?project=112525021020 then retry. If you enabled this API recently, wait a few minutes for the action to propagate to our systems and retry.","domain":"usageLimits","reason":"accessNotConfigured","extendedHelp":"https://console.developers.google.com"}],"status":"PERMISSION_DENIED","details":[{"@type":"type.googleapis.com/google.rpc.ErrorInfo","reason":"SERVICE_DISABLED","domain":"googleapis.com","metadata":{"containerInfo":"112525021020","consumer":"projects/112525021020","activationUrl":"https://console.developers.google.com/apis/api/compute.googleapis.com/overview?project=112525021020","serviceTitle":"Compute Engine API","service":"compute.googleapis.com"}},{"@type":"type.googleapis.com/google.rpc.LocalizedMessage","locale":"en-US","message":"Compute Engine API has not been used in project 112525021020 before or it is disabled. Enable it by visiting https://console.developers.google.com/apis/api/compute.googleapis.com/overview?project=112525021020 then retry. If you enabled this API recently, wait a few minutes for the action to propagate to our systems and retry."},{"@type":"type.googleapis.com/google.rpc.Help","links":[{"description":"Google developers console API activation","url":"https://console.developers.google.com/apis/api/compute.googleapis.com/overview?project=112525021020"}]}]}}
[debug] [2026-02-13T15:43:22.354Z] unable to look up default compute service account. Falling back to 112525021020-compute@developer.gserviceaccount.com. Error: {"name":"FirebaseError","children":[],"context":{"body":{"error":{"code":403,"message":"Compute Engine API has not been used in project 112525021020 before or it is disabled. Enable it by visiting https://console.developers.google.com/apis/api/compute.googleapis.com/overview?project=112525021020 then retry. If you enabled this API recently, wait a few minutes for the action to propagate to our systems and retry.","errors":[{"message":"Compute Engine API has not been used in project 112525021020 before or it is disabled. Enable it by visiting https://console.developers.google.com/apis/api/compute.googleapis.com/overview?project=112525021020 then retry. If you enabled this API recently, wait a few minutes for the action to propagate to our systems and retry.","domain":"usageLimits","reason":"accessNotConfigured","extendedHelp":"https://console.developers.google.com"}],"status":"PERMISSION_DENIED","details":[{"@type":"type.googleapis.com/google.rpc.ErrorInfo","reason":"SERVICE_DISABLED","domain":"googleapis.com","metadata":{"containerInfo":"112525021020","consumer":"projects/112525021020","activationUrl":"https://console.developers.google.com/apis/api/compute.googleapis.com/overview?project=112525021020","serviceTitle":"Compute Engine API","service":"compute.googleapis.com"}},{"@type":"type.googleapis.com/google.rpc.LocalizedMessage","locale":"en-US","message":"Compute Engine API has not been used in project 112525021020 before or it is disabled. Enable it by visiting https://console.developers.google.com/apis/api/compute.googleapis.com/overview?project=112525021020 then retry. If you enabled this API recently, wait a few minutes for the action to propagate to our systems and retry."},{"@type":"type.googleapis.com/google.rpc.Help","links":[{"description":"Google developers console API activation","url":"https://console.developers.google.com/apis/api/compute.googleapis.com/overview?project=112525021020"}]}]}},"response":{"statusCode":403}},"exit":1,"message":"Request to https://compute.googleapis.com/compute/v1/projects/112525021020 had HTTP Error: 403, Compute Engine API has not been used in project 112525021020 before or it is disabled. Enable it by visiting https://console.developers.google.com/apis/api/compute.googleapis.com/overview?project=112525021020 then retry. If you enabled this API recently, wait a few minutes for the action to propagate to our systems and retry.","status":403}
[debug] [2026-02-13T15:43:22.354Z] Checked if tokens are valid: true, expires at: 1770999697476
[debug] [2026-02-13T15:43:22.355Z] Checked if tokens are valid: true, expires at: 1770999697476
[debug] [2026-02-13T15:43:22.355Z] >>> [apiv2][query] GET https://compute.googleapis.com/compute/v1/projects/112525021020 [none]
[debug] [2026-02-13T15:43:22.497Z] <<< [apiv2][status] GET https://compute.googleapis.com/compute/v1/projects/112525021020 403
[debug] [2026-02-13T15:43:22.497Z] <<< [apiv2][body] GET https://compute.googleapis.com/compute/v1/projects/112525021020 {"error":{"code":403,"message":"Compute Engine API has not been used in project 112525021020 before or it is disabled. Enable it by visiting https://console.developers.google.com/apis/api/compute.googleapis.com/overview?project=112525021020 then retry. If you enabled this API recently, wait a few minutes for the action to propagate to our systems and retry.","errors":[{"message":"Compute Engine API has not been used in project 112525021020 before or it is disabled. Enable it by visiting https://console.developers.google.com/apis/api/compute.googleapis.com/overview?project=112525021020 then retry. If you enabled this API recently, wait a few minutes for the action to propagate to our systems and retry.","domain":"usageLimits","reason":"accessNotConfigured","extendedHelp":"https://console.developers.google.com"}],"status":"PERMISSION_DENIED","details":[{"@type":"type.googleapis.com/google.rpc.ErrorInfo","reason":"SERVICE_DISABLED","domain":"googleapis.com","metadata":{"containerInfo":"112525021020","consumer":"projects/112525021020","service":"compute.googleapis.com","activationUrl":"https://console.developers.google.com/apis/api/compute.googleapis.com/overview?project=112525021020","serviceTitle":"Compute Engine API"}},{"@type":"type.googleapis.com/google.rpc.LocalizedMessage","locale":"en-US","message":"Compute Engine API has not been used in project 112525021020 before or it is disabled. Enable it by visiting https://console.developers.google.com/apis/api/compute.googleapis.com/overview?project=112525021020 then retry. If you enabled this API recently, wait a few minutes for the action to propagate to our systems and retry."},{"@type":"type.googleapis.com/google.rpc.Help","links":[{"description":"Google developers console API activation","url":"https://console.developers.google.com/apis/api/compute.googleapis.com/overview?project=112525021020"}]}]}}
[debug] [2026-02-13T15:43:22.498Z] unable to look up default compute service account. Falling back to 112525021020-compute@developer.gserviceaccount.com. Error: {"name":"FirebaseError","children":[],"context":{"body":{"error":{"code":403,"message":"Compute Engine API has not been used in project 112525021020 before or it is disabled. Enable it by visiting https://console.developers.google.com/apis/api/compute.googleapis.com/overview?project=112525021020 then retry. If you enabled this API recently, wait a few minutes for the action to propagate to our systems and retry.","errors":[{"message":"Compute Engine API has not been used in project 112525021020 before or it is disabled. Enable it by visiting https://console.developers.google.com/apis/api/compute.googleapis.com/overview?project=112525021020 then retry. If you enabled this API recently, wait a few minutes for the action to propagate to our systems and retry.","domain":"usageLimits","reason":"accessNotConfigured","extendedHelp":"https://console.developers.google.com"}],"status":"PERMISSION_DENIED","details":[{"@type":"type.googleapis.com/google.rpc.ErrorInfo","reason":"SERVICE_DISABLED","domain":"googleapis.com","metadata":{"containerInfo":"112525021020","consumer":"projects/112525021020","service":"compute.googleapis.com","activationUrl":"https://console.developers.google.com/apis/api/compute.googleapis.com/overview?project=112525021020","serviceTitle":"Compute Engine API"}},{"@type":"type.googleapis.com/google.rpc.LocalizedMessage","locale":"en-US","message":"Compute Engine API has not been used in project 112525021020 before or it is disabled. Enable it by visiting https://console.developers.google.com/apis/api/compute.googleapis.com/overview?project=112525021020 then retry. If you enabled this API recently, wait a few minutes for the action to propagate to our systems and retry."},{"@type":"type.googleapis.com/google.rpc.Help","links":[{"description":"Google developers console API activation","url":"https://console.developers.google.com/apis/api/compute.googleapis.com/overview?project=112525021020"}]}]}},"response":{"statusCode":403}},"exit":1,"message":"Request to https://compute.googleapis.com/compute/v1/projects/112525021020 had HTTP Error: 403, Compute Engine API has not been used in project 112525021020 before or it is disabled. Enable it by visiting https://console.developers.google.com/apis/api/compute.googleapis.com/overview?project=112525021020 then retry. If you enabled this API recently, wait a few minutes for the action to propagate to our systems and retry.","status":403}
[debug] [2026-02-13T15:43:22.499Z] Checked if tokens are valid: true, expires at: 1770999697476
[debug] [2026-02-13T15:43:22.499Z] Checked if tokens are valid: true, expires at: 1770999697476
[debug] [2026-02-13T15:43:22.500Z] >>> [apiv2][query] GET https://cloudbilling.googleapis.com/v1/projects/quotechemfb/billingInfo [none]
[debug] [2026-02-13T15:43:22.709Z] <<< [apiv2][status] GET https://cloudbilling.googleapis.com/v1/projects/quotechemfb/billingInfo 200
[debug] [2026-02-13T15:43:22.709Z] <<< [apiv2][body] GET https://cloudbilling.googleapis.com/v1/projects/quotechemfb/billingInfo {"name":"projects/quotechemfb/billingInfo","projectId":"quotechemfb","billingAccountName":"billingAccounts/01CCBF-492FE0-EEF400","billingEnabled":true}
[info] i  functions: updating Node.js 20 (2nd Gen) function runStartupDiagnostics(us-central1)... 
[debug] [2026-02-13T15:43:22.712Z] Precondition failed. Cannot update a GCFv2 function without storage
[debug] [2026-02-13T15:43:22.713Z] Total Function Deployment time: 0
[debug] [2026-02-13T15:43:22.713Z] 1 Functions Deployed
[debug] [2026-02-13T15:43:22.713Z] 1 Functions Errored
[debug] [2026-02-13T15:43:22.713Z] 0 Function Deployments Aborted
[debug] [2026-02-13T15:43:22.713Z] Average Function Deployment time: 0
[info] 
[info] Functions deploy had errors with the following functions:
	runStartupDiagnostics(us-central1)
[debug] [2026-02-13T15:43:22.714Z] Checked if tokens are valid: true, expires at: 1770999697476
[debug] [2026-02-13T15:43:22.714Z] Checked if tokens are valid: true, expires at: 1770999697476
[debug] [2026-02-13T15:43:22.714Z] >>> [apiv2][query] GET https://artifactregistry.googleapis.com/v1/projects/quotechemfb/locations/us-central1/repositories/gcf-artifacts [none]
[debug] [2026-02-13T15:43:23.122Z] <<< [apiv2][status] GET https://artifactregistry.googleapis.com/v1/projects/quotechemfb/locations/us-central1/repositories/gcf-artifacts 200
[debug] [2026-02-13T15:43:23.123Z] <<< [apiv2][body] GET https://artifactregistry.googleapis.com/v1/projects/quotechemfb/locations/us-central1/repositories/gcf-artifacts {"name":"projects/quotechemfb/locations/us-central1/repositories/gcf-artifacts","format":"DOCKER","description":"This repository is created and used by Cloud Functions for storing function docker images.","labels":{"goog-managed-by":"cloudfunctions"},"createTime":"2026-02-13T15:22:46.147907Z","updateTime":"2026-02-13T15:24:34.502879Z","mode":"STANDARD_REPOSITORY","cleanupPolicies":{"firebase-functions-cleanup":{"id":"firebase-functions-cleanup","action":"DELETE","condition":{"tagState":"ANY","olderThan":"86400s"}}},"vulnerabilityScanningConfig":{"lastEnableTime":"2026-02-13T15:22:37.025594383Z","enablementState":"SCANNING_DISABLED","enablementStateReason":"API containerscanning.googleapis.com is not enabled."},"satisfiesPzi":true,"registryUri":"us-central1-docker.pkg.dev/quotechemfb/gcf-artifacts"}
[debug] [2026-02-13T15:43:23.131Z] Functions deploy failed.
[debug] [2026-02-13T15:43:23.133Z] {}
[debug] [2026-02-13T15:43:23.134Z] Error: Precondition failed
    at Fabricator.updateV2Function (/Users/rambodrad/.nvm/versions/node/v20.19.5/lib/node_modules/firebase-tools/lib/deploy/functions/release/fabricator.js:394:19)
    at Fabricator.updateEndpoint (/Users/rambodrad/.nvm/versions/node/v20.19.5/lib/node_modules/firebase-tools/lib/deploy/functions/release/fabricator.js:160:24)
    at /Users/rambodrad/.nvm/versions/node/v20.19.5/lib/node_modules/firebase-tools/lib/deploy/functions/release/fabricator.js:110:71
    at handle (/Users/rambodrad/.nvm/versions/node/v20.19.5/lib/node_modules/firebase-tools/lib/deploy/functions/release/fabricator.js:89:23)
    at Fabricator.applyChangeset (/Users/rambodrad/.nvm/versions/node/v20.19.5/lib/node_modules/firebase-tools/lib/deploy/functions/release/fabricator.js:110:26)
    at /Users/rambodrad/.nvm/versions/node/v20.19.5/lib/node_modules/firebase-tools/lib/deploy/functions/release/fabricator.js:69:40
    at Array.map (<anonymous>)
    at Fabricator.applyPlan (/Users/rambodrad/.nvm/versions/node/v20.19.5/lib/node_modules/firebase-tools/lib/deploy/functions/release/fabricator.js:68:54)
    at release (/Users/rambodrad/.nvm/versions/node/v20.19.5/lib/node_modules/firebase-tools/lib/deploy/functions/release/index.js:76:31)
    at process.processTicksAndRejections (node:internal/process/task_queues:95:5)
[error] 
[error] Error: There was an error deploying functions
[debug] [2026-02-13T15:45:40.824Z] ----------------------------------------------------------------------
[debug] [2026-02-13T15:45:40.833Z] Command:       /Users/rambodrad/.nvm/versions/node/v20.19.5/bin/node /Users/rambodrad/.nvm/versions/node/v20.19.5/bin/firebase deploy --only functions --project quotechemfb
[debug] [2026-02-13T15:45:40.834Z] CLI Version:   14.15.2
[debug] [2026-02-13T15:45:40.834Z] Platform:      darwin
[debug] [2026-02-13T15:45:40.834Z] Node Version:  v20.19.5
[debug] [2026-02-13T15:45:40.834Z] Time:          Fri Feb 13 2026 08:45:40 GMT-0700 (Mountain Standard Time)
[debug] [2026-02-13T15:45:40.834Z] ----------------------------------------------------------------------
[debug] 
[debug] [2026-02-13T15:45:40.931Z] > command requires scopes: ["email","openid","https://www.googleapis.com/auth/cloudplatformprojects.readonly","https://www.googleapis.com/auth/firebase","https://www.googleapis.com/auth/cloud-platform"]
[debug] [2026-02-13T15:45:40.931Z] > authorizing via signed-in user (quotes@quotechem.com)
[debug] [2026-02-13T15:45:40.932Z] [iam] checking project quotechemfb for permissions ["cloudfunctions.functions.create","cloudfunctions.functions.delete","cloudfunctions.functions.get","cloudfunctions.functions.list","cloudfunctions.functions.update","cloudfunctions.operations.get","firebase.projects.get"]
[debug] [2026-02-13T15:45:40.932Z] Checked if tokens are valid: true, expires at: 1770999697476
[debug] [2026-02-13T15:45:40.932Z] Checked if tokens are valid: true, expires at: 1770999697476
[debug] [2026-02-13T15:45:40.933Z] >>> [apiv2][query] POST https://cloudresourcemanager.googleapis.com/v1/projects/quotechemfb:testIamPermissions [none]
[debug] [2026-02-13T15:45:40.933Z] >>> [apiv2][(partial)header] POST https://cloudresourcemanager.googleapis.com/v1/projects/quotechemfb:testIamPermissions x-goog-quota-user=projects/quotechemfb
[debug] [2026-02-13T15:45:40.933Z] >>> [apiv2][body] POST https://cloudresourcemanager.googleapis.com/v1/projects/quotechemfb:testIamPermissions {"permissions":["cloudfunctions.functions.create","cloudfunctions.functions.delete","cloudfunctions.functions.get","cloudfunctions.functions.list","cloudfunctions.functions.update","cloudfunctions.operations.get","firebase.projects.get"]}
[debug] [2026-02-13T15:45:41.120Z] <<< [apiv2][status] POST https://cloudresourcemanager.googleapis.com/v1/projects/quotechemfb:testIamPermissions 200
[debug] [2026-02-13T15:45:41.121Z] <<< [apiv2][body] POST https://cloudresourcemanager.googleapis.com/v1/projects/quotechemfb:testIamPermissions {"permissions":["cloudfunctions.functions.create","cloudfunctions.functions.delete","cloudfunctions.functions.get","cloudfunctions.functions.list","cloudfunctions.functions.update","cloudfunctions.operations.get","firebase.projects.get"]}
[debug] [2026-02-13T15:45:41.121Z] Checked if tokens are valid: true, expires at: 1770999697476
[debug] [2026-02-13T15:45:41.121Z] Checked if tokens are valid: true, expires at: 1770999697476
[debug] [2026-02-13T15:45:41.121Z] >>> [apiv2][query] POST https://iam.googleapis.com/v1/projects/quotechemfb/serviceAccounts/quotechemfb@appspot.gserviceaccount.com:testIamPermissions [none]
[debug] [2026-02-13T15:45:41.121Z] >>> [apiv2][body] POST https://iam.googleapis.com/v1/projects/quotechemfb/serviceAccounts/quotechemfb@appspot.gserviceaccount.com:testIamPermissions {"permissions":["iam.serviceAccounts.actAs"]}
[debug] [2026-02-13T15:45:41.494Z] <<< [apiv2][status] POST https://iam.googleapis.com/v1/projects/quotechemfb/serviceAccounts/quotechemfb@appspot.gserviceaccount.com:testIamPermissions 200
[debug] [2026-02-13T15:45:41.494Z] <<< [apiv2][body] POST https://iam.googleapis.com/v1/projects/quotechemfb/serviceAccounts/quotechemfb@appspot.gserviceaccount.com:testIamPermissions {"permissions":["iam.serviceAccounts.actAs"]}
[info] 
[info] === Deploying to 'quotechemfb'...
[info] 
[info] i  deploying functions 
[debug] [2026-02-13T15:45:41.500Z] Checked if tokens are valid: true, expires at: 1770999697476
[debug] [2026-02-13T15:45:41.500Z] Checked if tokens are valid: true, expires at: 1770999697476
[debug] [2026-02-13T15:45:41.500Z] >>> [apiv2][query] GET https://cloudresourcemanager.googleapis.com/v1/projects/quotechemfb [none]
[debug] [2026-02-13T15:45:41.627Z] <<< [apiv2][status] GET https://cloudresourcemanager.googleapis.com/v1/projects/quotechemfb 200
[debug] [2026-02-13T15:45:41.628Z] <<< [apiv2][body] GET https://cloudresourcemanager.googleapis.com/v1/projects/quotechemfb {"projectNumber":"112525021020","projectId":"quotechemfb","lifecycleState":"ACTIVE","name":"quotechemfb","labels":{"firebase":"enabled","firebase-core":"disabled"},"createTime":"2026-02-12T23:53:38.916557Z","parent":{"type":"organization","id":"915728744440"}}
[info] i  functions: preparing codebase default for deployment 
[info] i  functions: ensuring required API cloudfunctions.googleapis.com is enabled... 
[info] i  functions: ensuring required API cloudbuild.googleapis.com is enabled... 
[info] i  artifactregistry: ensuring required API artifactregistry.googleapis.com is enabled... 
[debug] [2026-02-13T15:45:41.631Z] Checked if tokens are valid: true, expires at: 1770999697476
[debug] [2026-02-13T15:45:41.631Z] Checked if tokens are valid: true, expires at: 1770999697476
[debug] [2026-02-13T15:45:41.631Z] >>> [apiv2][query] GET https://firebase.googleapis.com/v1beta1/projects/quotechemfb/adminSdkConfig [none]
[debug] [2026-02-13T15:45:42.110Z] <<< [apiv2][status] GET https://firebase.googleapis.com/v1beta1/projects/quotechemfb/adminSdkConfig 200
[debug] [2026-02-13T15:45:42.110Z] <<< [apiv2][body] GET https://firebase.googleapis.com/v1beta1/projects/quotechemfb/adminSdkConfig {"projectId":"quotechemfb","storageBucket":"quotechemfb.firebasestorage.app"}
[debug] [2026-02-13T15:45:42.110Z] Checked if tokens are valid: true, expires at: 1770999697476
[debug] [2026-02-13T15:45:42.110Z] Checked if tokens are valid: true, expires at: 1770999697476
[debug] [2026-02-13T15:45:42.110Z] >>> [apiv2][query] GET https://runtimeconfig.googleapis.com/v1beta1/projects/quotechemfb/configs [none]
[debug] [2026-02-13T15:45:42.316Z] <<< [apiv2][status] GET https://runtimeconfig.googleapis.com/v1beta1/projects/quotechemfb/configs 200
[debug] [2026-02-13T15:45:42.316Z] <<< [apiv2][body] GET https://runtimeconfig.googleapis.com/v1beta1/projects/quotechemfb/configs {}
[debug] [2026-02-13T15:45:42.320Z] Validating nodejs source
[warn] ⚠  functions: Runtime Node.js 20 will be deprecated on 2026-04-30 and will be decommissioned on 2026-10-30, after which you will not be able to deploy without upgrading. Consider upgrading now to avoid disruption. See https://cloud.google.com/functions/docs/runtime-support for full details on the lifecycle policy 
[warn] ⚠  functions: package.json indicates an outdated version of firebase-functions. Please upgrade using npm install --save firebase-functions@latest in your functions directory. 
[warn] ⚠  functions: Please note that there will be breaking changes when you upgrade. 
[debug] [2026-02-13T15:45:42.827Z] > [functions] package.json contents: {
  "name": "functions",
  "description": "Cloud Functions for Firebase",
  "scripts": {
    "serve": "firebase emulators:start --only functions",
    "shell": "firebase functions:shell",
    "start": "npm run shell",
    "deploy": "firebase deploy --only functions",
    "logs": "firebase functions:log"
  },
  "engines": {
    "node": "20"
  },
  "main": "index.js",
  "dependencies": {
    "firebase-admin": "^12.5.0",
    "firebase-functions": "^5.1.1",
    "fireblocks-sdk": "^5.38.0",
    "xrpl": "^4.4.0"
  },
  "devDependencies": {
    "firebase-functions-test": "^3.1.0"
  },
  "private": true,
  "type": "module"
}
[debug] [2026-02-13T15:45:42.827Z] Building nodejs source
[info] i  functions: Loading and analyzing source code for codebase default to determine what to deploy 
[debug] [2026-02-13T15:45:42.827Z] Could not find functions.yaml. Must use http discovery
[debug] [2026-02-13T15:45:42.834Z] Found firebase-functions binary at '/Users/rambodrad/quotechem/functions/node_modules/.bin/firebase-functions'
[info] Serving at port 8995

[debug] [2026-02-13T15:45:43.258Z] Got response from /__/functions.yaml {"endpoints":{"runStartupDiagnostics":{"availableMemoryMb":null,"timeoutSeconds":null,"minInstances":null,"maxInstances":null,"ingressSettings":null,"concurrency":null,"serviceAccountEmail":null,"vpc":null,"platform":"gcfv2","region":["us-central1"],"labels":{},"callableTrigger":{},"entryPoint":"runStartupDiagnostics"}},"specVersion":"v1alpha1","requiredAPIs":[],"extensions":{}}
[info] i  extensions: ensuring required API firebaseextensions.googleapis.com is enabled... 
[debug] [2026-02-13T15:45:47.283Z] > command requires scopes: ["email","openid","https://www.googleapis.com/auth/cloudplatformprojects.readonly","https://www.googleapis.com/auth/firebase","https://www.googleapis.com/auth/cloud-platform"]
[debug] [2026-02-13T15:45:47.283Z] > authorizing via signed-in user (quotes@quotechem.com)
[debug] [2026-02-13T15:45:47.283Z] [iam] checking project quotechemfb for permissions ["firebase.projects.get","firebaseextensions.instances.list"]
[debug] [2026-02-13T15:45:47.284Z] Checked if tokens are valid: true, expires at: 1770999697476
[debug] [2026-02-13T15:45:47.284Z] Checked if tokens are valid: true, expires at: 1770999697476
[debug] [2026-02-13T15:45:47.284Z] >>> [apiv2][query] POST https://cloudresourcemanager.googleapis.com/v1/projects/quotechemfb:testIamPermissions [none]
[debug] [2026-02-13T15:45:47.284Z] >>> [apiv2][(partial)header] POST https://cloudresourcemanager.googleapis.com/v1/projects/quotechemfb:testIamPermissions x-goog-quota-user=projects/quotechemfb
[debug] [2026-02-13T15:45:47.284Z] >>> [apiv2][body] POST https://cloudresourcemanager.googleapis.com/v1/projects/quotechemfb:testIamPermissions {"permissions":["firebase.projects.get","firebaseextensions.instances.list"]}
[debug] [2026-02-13T15:45:47.427Z] <<< [apiv2][status] POST https://cloudresourcemanager.googleapis.com/v1/projects/quotechemfb:testIamPermissions 200
[debug] [2026-02-13T15:45:47.427Z] <<< [apiv2][body] POST https://cloudresourcemanager.googleapis.com/v1/projects/quotechemfb:testIamPermissions {"permissions":["firebase.projects.get","firebaseextensions.instances.list"]}
[debug] [2026-02-13T15:45:47.428Z] Checked if tokens are valid: true, expires at: 1770999697476
[debug] [2026-02-13T15:45:47.428Z] Checked if tokens are valid: true, expires at: 1770999697476
[debug] [2026-02-13T15:45:47.429Z] >>> [apiv2][query] GET https://firebaseextensions.googleapis.com/v1beta/projects/quotechemfb/instances pageSize=100&pageToken=
[debug] [2026-02-13T15:45:47.832Z] <<< [apiv2][status] GET https://firebaseextensions.googleapis.com/v1beta/projects/quotechemfb/instances 200
[debug] [2026-02-13T15:45:47.832Z] <<< [apiv2][body] GET https://firebaseextensions.googleapis.com/v1beta/projects/quotechemfb/instances {}
[info] i  functions: preparing functions directory for uploading... 
[info] i  functions: packaged /Users/rambodrad/quotechem/functions (92.47 KB) for uploading 
[debug] [2026-02-13T15:45:47.886Z] Checked if tokens are valid: true, expires at: 1770999697476
[debug] [2026-02-13T15:45:47.886Z] Checked if tokens are valid: true, expires at: 1770999697476
[debug] [2026-02-13T15:45:47.886Z] >>> [apiv2][query] GET https://cloudfunctions.googleapis.com/v1/projects/quotechemfb/locations/-/functions [none]
[debug] [2026-02-13T15:45:48.430Z] <<< [apiv2][status] GET https://cloudfunctions.googleapis.com/v1/projects/quotechemfb/locations/-/functions 200
[debug] [2026-02-13T15:45:48.430Z] <<< [apiv2][body] GET https://cloudfunctions.googleapis.com/v1/projects/quotechemfb/locations/-/functions {}
[debug] [2026-02-13T15:45:48.431Z] Checked if tokens are valid: true, expires at: 1770999697476
[debug] [2026-02-13T15:45:48.431Z] Checked if tokens are valid: true, expires at: 1770999697476
[debug] [2026-02-13T15:45:48.431Z] >>> [apiv2][query] GET https://cloudfunctions.googleapis.com/v2/projects/quotechemfb/locations/-/functions filter=environment%3D%22GEN_2%22
[debug] [2026-02-13T15:45:49.046Z] <<< [apiv2][status] GET https://cloudfunctions.googleapis.com/v2/projects/quotechemfb/locations/-/functions 200
[debug] [2026-02-13T15:45:49.046Z] <<< [apiv2][body] GET https://cloudfunctions.googleapis.com/v2/projects/quotechemfb/locations/-/functions {"functions":[{"name":"projects/quotechemfb/locations/us-central1/functions/runStartupDiagnostics","buildConfig":{"build":"projects/112525021020/locations/us-central1/builds/077dde02-6896-43a5-bb8a-f1911fe79235","runtime":"nodejs20","entryPoint":"runStartupDiagnostics","source":{"storageSource":{"bucket":"gcf-v2-sources-112525021020-us-central1","object":"runStartupDiagnostics/function-source.zip","generation":"1770996155834793"}},"environmentVariables":{"GOOGLE_NODE_RUN_SCRIPTS":""},"dockerRepository":"projects/quotechemfb/locations/us-central1/repositories/gcf-artifacts","sourceProvenance":{"resolvedStorageSource":{"bucket":"gcf-v2-sources-112525021020-us-central1","object":"runStartupDiagnostics/function-source.zip","generation":"1770996155834793"}},"dockerRegistry":"ARTIFACT_REGISTRY","serviceAccount":"projects/quotechemfb/serviceAccounts/112525021020-compute@developer.gserviceaccount.com","automaticUpdatePolicy":{}},"state":"FAILED","updateTime":"2026-02-13T15:23:23.293957703Z","labels":{"firebase-functions-hash":"205968b62a61f9b16bf39ca21353d43cd9d20862","deployment-tool":"cli-firebase","deployment-callable":"true"},"stateMessages":[{"severity":"ERROR","type":"CloudRunServiceNotFound","message":"Cloud Run service projects/quotechemfb/locations/us-central1/services/runstartupdiagnostics for the function was not found. The function will not work correctly. Please redeploy."}],"environment":"GEN_2","url":"https://us-central1-quotechemfb.cloudfunctions.net/runStartupDiagnostics","createTime":"2026-02-13T15:22:36.811377494Z","satisfiesPzi":true}]}
[info] i  functions: ensuring required API run.googleapis.com is enabled... 
[info] i  functions: ensuring required API eventarc.googleapis.com is enabled... 
[info] i  functions: ensuring required API pubsub.googleapis.com is enabled... 
[info] i  functions: ensuring required API storage.googleapis.com is enabled... 
[info] i  functions: generating the service identity for pubsub.googleapis.com... 
[debug] [2026-02-13T15:45:49.049Z] Checked if tokens are valid: true, expires at: 1770999697476
[debug] [2026-02-13T15:45:49.049Z] Checked if tokens are valid: true, expires at: 1770999697476
[info] i  functions: generating the service identity for eventarc.googleapis.com... 
[debug] [2026-02-13T15:45:49.049Z] Checked if tokens are valid: true, expires at: 1770999697476
[debug] [2026-02-13T15:45:49.049Z] Checked if tokens are valid: true, expires at: 1770999697476
[debug] [2026-02-13T15:45:49.049Z] >>> [apiv2][query] POST https://serviceusage.googleapis.com/v1beta1/projects/112525021020/services/pubsub.googleapis.com:generateServiceIdentity [none]
[debug] [2026-02-13T15:45:49.049Z] >>> [apiv2][(partial)header] POST https://serviceusage.googleapis.com/v1beta1/projects/112525021020/services/pubsub.googleapis.com:generateServiceIdentity x-goog-quota-user=projects/112525021020
[debug] [2026-02-13T15:45:49.049Z] >>> [apiv2][body] POST https://serviceusage.googleapis.com/v1beta1/projects/112525021020/services/pubsub.googleapis.com:generateServiceIdentity {}
[debug] [2026-02-13T15:45:49.051Z] >>> [apiv2][query] POST https://serviceusage.googleapis.com/v1beta1/projects/112525021020/services/eventarc.googleapis.com:generateServiceIdentity [none]
[debug] [2026-02-13T15:45:49.051Z] >>> [apiv2][(partial)header] POST https://serviceusage.googleapis.com/v1beta1/projects/112525021020/services/eventarc.googleapis.com:generateServiceIdentity x-goog-quota-user=projects/112525021020
[debug] [2026-02-13T15:45:49.051Z] >>> [apiv2][body] POST https://serviceusage.googleapis.com/v1beta1/projects/112525021020/services/eventarc.googleapis.com:generateServiceIdentity {}
[debug] [2026-02-13T15:45:49.631Z] <<< [apiv2][status] POST https://serviceusage.googleapis.com/v1beta1/projects/112525021020/services/pubsub.googleapis.com:generateServiceIdentity 200
[debug] [2026-02-13T15:45:49.631Z] <<< [apiv2][body] POST https://serviceusage.googleapis.com/v1beta1/projects/112525021020/services/pubsub.googleapis.com:generateServiceIdentity {"name":"operations/finished.DONE_OPERATION","done":true,"response":{"@type":"type.googleapis.com/google.api.serviceusage.v1beta1.ServiceIdentity","email":"service-112525021020@gcp-sa-pubsub.iam.gserviceaccount.com","uniqueId":"102294733369749161414"}}
[debug] [2026-02-13T15:45:49.738Z] <<< [apiv2][status] POST https://serviceusage.googleapis.com/v1beta1/projects/112525021020/services/eventarc.googleapis.com:generateServiceIdentity 200
[debug] [2026-02-13T15:45:49.738Z] <<< [apiv2][body] POST https://serviceusage.googleapis.com/v1beta1/projects/112525021020/services/eventarc.googleapis.com:generateServiceIdentity {"name":"operations/finished.DONE_OPERATION","done":true,"response":{"@type":"type.googleapis.com/google.api.serviceusage.v1beta1.ServiceIdentity","email":"service-112525021020@gcp-sa-eventarc.iam.gserviceaccount.com","uniqueId":"109765467799307950849"}}
[debug] [2026-02-13T15:45:49.742Z] Checked if tokens are valid: true, expires at: 1770999697476
[debug] [2026-02-13T15:45:49.742Z] Checked if tokens are valid: true, expires at: 1770999697476
[debug] [2026-02-13T15:45:49.742Z] >>> [apiv2][query] GET https://cloudresourcemanager.googleapis.com/v1/projects/quotechemfb [none]
[debug] [2026-02-13T15:45:49.876Z] <<< [apiv2][status] GET https://cloudresourcemanager.googleapis.com/v1/projects/quotechemfb 200
[debug] [2026-02-13T15:45:49.876Z] <<< [apiv2][body] GET https://cloudresourcemanager.googleapis.com/v1/projects/quotechemfb {"projectNumber":"112525021020","projectId":"quotechemfb","lifecycleState":"ACTIVE","name":"quotechemfb","labels":{"firebase":"enabled","firebase-core":"disabled"},"createTime":"2026-02-12T23:53:38.916557Z","parent":{"type":"organization","id":"915728744440"}}
[debug] [2026-02-13T15:45:49.877Z] Checked if tokens are valid: true, expires at: 1770999697476
[debug] [2026-02-13T15:45:49.877Z] Checked if tokens are valid: true, expires at: 1770999697476
[debug] [2026-02-13T15:45:49.877Z] >>> [apiv2][query] GET https://compute.googleapis.com/compute/v1/projects/112525021020 [none]
[debug] [2026-02-13T15:45:50.077Z] <<< [apiv2][status] GET https://compute.googleapis.com/compute/v1/projects/112525021020 403
[debug] [2026-02-13T15:45:50.077Z] <<< [apiv2][body] GET https://compute.googleapis.com/compute/v1/projects/112525021020 {"error":{"code":403,"message":"Compute Engine API has not been used in project 112525021020 before or it is disabled. Enable it by visiting https://console.developers.google.com/apis/api/compute.googleapis.com/overview?project=112525021020 then retry. If you enabled this API recently, wait a few minutes for the action to propagate to our systems and retry.","errors":[{"message":"Compute Engine API has not been used in project 112525021020 before or it is disabled. Enable it by visiting https://console.developers.google.com/apis/api/compute.googleapis.com/overview?project=112525021020 then retry. If you enabled this API recently, wait a few minutes for the action to propagate to our systems and retry.","domain":"usageLimits","reason":"accessNotConfigured","extendedHelp":"https://console.developers.google.com"}],"status":"PERMISSION_DENIED","details":[{"@type":"type.googleapis.com/google.rpc.ErrorInfo","reason":"SERVICE_DISABLED","domain":"googleapis.com","metadata":{"activationUrl":"https://console.developers.google.com/apis/api/compute.googleapis.com/overview?project=112525021020","serviceTitle":"Compute Engine API","service":"compute.googleapis.com","containerInfo":"112525021020","consumer":"projects/112525021020"}},{"@type":"type.googleapis.com/google.rpc.LocalizedMessage","locale":"en-US","message":"Compute Engine API has not been used in project 112525021020 before or it is disabled. Enable it by visiting https://console.developers.google.com/apis/api/compute.googleapis.com/overview?project=112525021020 then retry. If you enabled this API recently, wait a few minutes for the action to propagate to our systems and retry."},{"@type":"type.googleapis.com/google.rpc.Help","links":[{"description":"Google developers console API activation","url":"https://console.developers.google.com/apis/api/compute.googleapis.com/overview?project=112525021020"}]}]}}
[debug] [2026-02-13T15:45:50.078Z] unable to look up default compute service account. Falling back to 112525021020-compute@developer.gserviceaccount.com. Error: {"name":"FirebaseError","children":[],"context":{"body":{"error":{"code":403,"message":"Compute Engine API has not been used in project 112525021020 before or it is disabled. Enable it by visiting https://console.developers.google.com/apis/api/compute.googleapis.com/overview?project=112525021020 then retry. If you enabled this API recently, wait a few minutes for the action to propagate to our systems and retry.","errors":[{"message":"Compute Engine API has not been used in project 112525021020 before or it is disabled. Enable it by visiting https://console.developers.google.com/apis/api/compute.googleapis.com/overview?project=112525021020 then retry. If you enabled this API recently, wait a few minutes for the action to propagate to our systems and retry.","domain":"usageLimits","reason":"accessNotConfigured","extendedHelp":"https://console.developers.google.com"}],"status":"PERMISSION_DENIED","details":[{"@type":"type.googleapis.com/google.rpc.ErrorInfo","reason":"SERVICE_DISABLED","domain":"googleapis.com","metadata":{"activationUrl":"https://console.developers.google.com/apis/api/compute.googleapis.com/overview?project=112525021020","serviceTitle":"Compute Engine API","service":"compute.googleapis.com","containerInfo":"112525021020","consumer":"projects/112525021020"}},{"@type":"type.googleapis.com/google.rpc.LocalizedMessage","locale":"en-US","message":"Compute Engine API has not been used in project 112525021020 before or it is disabled. Enable it by visiting https://console.developers.google.com/apis/api/compute.googleapis.com/overview?project=112525021020 then retry. If you enabled this API recently, wait a few minutes for the action to propagate to our systems and retry."},{"@type":"type.googleapis.com/google.rpc.Help","links":[{"description":"Google developers console API activation","url":"https://console.developers.google.com/apis/api/compute.googleapis.com/overview?project=112525021020"}]}]}},"response":{"statusCode":403}},"exit":1,"message":"Request to https://compute.googleapis.com/compute/v1/projects/112525021020 had HTTP Error: 403, Compute Engine API has not been used in project 112525021020 before or it is disabled. Enable it by visiting https://console.developers.google.com/apis/api/compute.googleapis.com/overview?project=112525021020 then retry. If you enabled this API recently, wait a few minutes for the action to propagate to our systems and retry.","status":403}
[debug] [2026-02-13T15:45:50.078Z] Checked if tokens are valid: true, expires at: 1770999697476
[debug] [2026-02-13T15:45:50.078Z] Checked if tokens are valid: true, expires at: 1770999697476
[debug] [2026-02-13T15:45:50.078Z] >>> [apiv2][query] GET https://compute.googleapis.com/compute/v1/projects/112525021020 [none]
[debug] [2026-02-13T15:45:50.214Z] <<< [apiv2][status] GET https://compute.googleapis.com/compute/v1/projects/112525021020 403
[debug] [2026-02-13T15:45:50.214Z] <<< [apiv2][body] GET https://compute.googleapis.com/compute/v1/projects/112525021020 {"error":{"code":403,"message":"Compute Engine API has not been used in project 112525021020 before or it is disabled. Enable it by visiting https://console.developers.google.com/apis/api/compute.googleapis.com/overview?project=112525021020 then retry. If you enabled this API recently, wait a few minutes for the action to propagate to our systems and retry.","errors":[{"message":"Compute Engine API has not been used in project 112525021020 before or it is disabled. Enable it by visiting https://console.developers.google.com/apis/api/compute.googleapis.com/overview?project=112525021020 then retry. If you enabled this API recently, wait a few minutes for the action to propagate to our systems and retry.","domain":"usageLimits","reason":"accessNotConfigured","extendedHelp":"https://console.developers.google.com"}],"status":"PERMISSION_DENIED","details":[{"@type":"type.googleapis.com/google.rpc.ErrorInfo","reason":"SERVICE_DISABLED","domain":"googleapis.com","metadata":{"serviceTitle":"Compute Engine API","service":"compute.googleapis.com","containerInfo":"112525021020","consumer":"projects/112525021020","activationUrl":"https://console.developers.google.com/apis/api/compute.googleapis.com/overview?project=112525021020"}},{"@type":"type.googleapis.com/google.rpc.LocalizedMessage","locale":"en-US","message":"Compute Engine API has not been used in project 112525021020 before or it is disabled. Enable it by visiting https://console.developers.google.com/apis/api/compute.googleapis.com/overview?project=112525021020 then retry. If you enabled this API recently, wait a few minutes for the action to propagate to our systems and retry."},{"@type":"type.googleapis.com/google.rpc.Help","links":[{"description":"Google developers console API activation","url":"https://console.developers.google.com/apis/api/compute.googleapis.com/overview?project=112525021020"}]}]}}
[debug] [2026-02-13T15:45:50.215Z] unable to look up default compute service account. Falling back to 112525021020-compute@developer.gserviceaccount.com. Error: {"name":"FirebaseError","children":[],"context":{"body":{"error":{"code":403,"message":"Compute Engine API has not been used in project 112525021020 before or it is disabled. Enable it by visiting https://console.developers.google.com/apis/api/compute.googleapis.com/overview?project=112525021020 then retry. If you enabled this API recently, wait a few minutes for the action to propagate to our systems and retry.","errors":[{"message":"Compute Engine API has not been used in project 112525021020 before or it is disabled. Enable it by visiting https://console.developers.google.com/apis/api/compute.googleapis.com/overview?project=112525021020 then retry. If you enabled this API recently, wait a few minutes for the action to propagate to our systems and retry.","domain":"usageLimits","reason":"accessNotConfigured","extendedHelp":"https://console.developers.google.com"}],"status":"PERMISSION_DENIED","details":[{"@type":"type.googleapis.com/google.rpc.ErrorInfo","reason":"SERVICE_DISABLED","domain":"googleapis.com","metadata":{"serviceTitle":"Compute Engine API","service":"compute.googleapis.com","containerInfo":"112525021020","consumer":"projects/112525021020","activationUrl":"https://console.developers.google.com/apis/api/compute.googleapis.com/overview?project=112525021020"}},{"@type":"type.googleapis.com/google.rpc.LocalizedMessage","locale":"en-US","message":"Compute Engine API has not been used in project 112525021020 before or it is disabled. Enable it by visiting https://console.developers.google.com/apis/api/compute.googleapis.com/overview?project=112525021020 then retry. If you enabled this API recently, wait a few minutes for the action to propagate to our systems and retry."},{"@type":"type.googleapis.com/google.rpc.Help","links":[{"description":"Google developers console API activation","url":"https://console.developers.google.com/apis/api/compute.googleapis.com/overview?project=112525021020"}]}]}},"response":{"statusCode":403}},"exit":1,"message":"Request to https://compute.googleapis.com/compute/v1/projects/112525021020 had HTTP Error: 403, Compute Engine API has not been used in project 112525021020 before or it is disabled. Enable it by visiting https://console.developers.google.com/apis/api/compute.googleapis.com/overview?project=112525021020 then retry. If you enabled this API recently, wait a few minutes for the action to propagate to our systems and retry.","status":403}
[debug] [2026-02-13T15:45:50.216Z] Checked if tokens are valid: true, expires at: 1770999697476
[debug] [2026-02-13T15:45:50.216Z] Checked if tokens are valid: true, expires at: 1770999697476
[debug] [2026-02-13T15:45:50.216Z] >>> [apiv2][query] GET https://cloudbilling.googleapis.com/v1/projects/quotechemfb/billingInfo [none]
[debug] [2026-02-13T15:45:50.450Z] <<< [apiv2][status] GET https://cloudbilling.googleapis.com/v1/projects/quotechemfb/billingInfo 200
[debug] [2026-02-13T15:45:50.450Z] <<< [apiv2][body] GET https://cloudbilling.googleapis.com/v1/projects/quotechemfb/billingInfo {"name":"projects/quotechemfb/billingInfo","projectId":"quotechemfb","billingAccountName":"billingAccounts/01CCBF-492FE0-EEF400","billingEnabled":true}
[info] i  functions: updating Node.js 20 (2nd Gen) function runStartupDiagnostics(us-central1)... 
[debug] [2026-02-13T15:45:50.453Z] Precondition failed. Cannot update a GCFv2 function without storage
[debug] [2026-02-13T15:45:50.454Z] Total Function Deployment time: 1
[debug] [2026-02-13T15:45:50.454Z] 1 Functions Deployed
[debug] [2026-02-13T15:45:50.454Z] 1 Functions Errored
[debug] [2026-02-13T15:45:50.454Z] 0 Function Deployments Aborted
[debug] [2026-02-13T15:45:50.454Z] Average Function Deployment time: 0
[info] 
[info] Functions deploy had errors with the following functions:
	runStartupDiagnostics(us-central1)
[debug] [2026-02-13T15:45:50.455Z] Checked if tokens are valid: true, expires at: 1770999697476
[debug] [2026-02-13T15:45:50.455Z] Checked if tokens are valid: true, expires at: 1770999697476
[debug] [2026-02-13T15:45:50.455Z] >>> [apiv2][query] GET https://artifactregistry.googleapis.com/v1/projects/quotechemfb/locations/us-central1/repositories/gcf-artifacts [none]
[debug] [2026-02-13T15:45:50.653Z] <<< [apiv2][status] GET https://artifactregistry.googleapis.com/v1/projects/quotechemfb/locations/us-central1/repositories/gcf-artifacts 200
[debug] [2026-02-13T15:45:50.653Z] <<< [apiv2][body] GET https://artifactregistry.googleapis.com/v1/projects/quotechemfb/locations/us-central1/repositories/gcf-artifacts {"name":"projects/quotechemfb/locations/us-central1/repositories/gcf-artifacts","format":"DOCKER","description":"This repository is created and used by Cloud Functions for storing function docker images.","labels":{"goog-managed-by":"cloudfunctions"},"createTime":"2026-02-13T15:22:46.147907Z","updateTime":"2026-02-13T15:24:34.502879Z","mode":"STANDARD_REPOSITORY","cleanupPolicies":{"firebase-functions-cleanup":{"id":"firebase-functions-cleanup","action":"DELETE","condition":{"tagState":"ANY","olderThan":"86400s"}}},"vulnerabilityScanningConfig":{"lastEnableTime":"2026-02-13T15:22:37.025594383Z","enablementState":"SCANNING_DISABLED","enablementStateReason":"API containerscanning.googleapis.com is not enabled."},"satisfiesPzi":true,"registryUri":"us-central1-docker.pkg.dev/quotechemfb/gcf-artifacts"}
[debug] [2026-02-13T15:45:50.653Z] Functions deploy failed.
[debug] [2026-02-13T15:45:50.653Z] {}
[debug] [2026-02-13T15:45:50.654Z] Error: Precondition failed
    at Fabricator.updateV2Function (/Users/rambodrad/.nvm/versions/node/v20.19.5/lib/node_modules/firebase-tools/lib/deploy/functions/release/fabricator.js:394:19)
    at Fabricator.updateEndpoint (/Users/rambodrad/.nvm/versions/node/v20.19.5/lib/node_modules/firebase-tools/lib/deploy/functions/release/fabricator.js:160:24)
    at /Users/rambodrad/.nvm/versions/node/v20.19.5/lib/node_modules/firebase-tools/lib/deploy/functions/release/fabricator.js:110:71
    at handle (/Users/rambodrad/.nvm/versions/node/v20.19.5/lib/node_modules/firebase-tools/lib/deploy/functions/release/fabricator.js:89:23)
    at Fabricator.applyChangeset (/Users/rambodrad/.nvm/versions/node/v20.19.5/lib/node_modules/firebase-tools/lib/deploy/functions/release/fabricator.js:110:26)
    at /Users/rambodrad/.nvm/versions/node/v20.19.5/lib/node_modules/firebase-tools/lib/deploy/functions/release/fabricator.js:69:40
    at Array.map (<anonymous>)
    at Fabricator.applyPlan (/Users/rambodrad/.nvm/versions/node/v20.19.5/lib/node_modules/firebase-tools/lib/deploy/functions/release/fabricator.js:68:54)
    at release (/Users/rambodrad/.nvm/versions/node/v20.19.5/lib/node_modules/firebase-tools/lib/deploy/functions/release/index.js:76:31)
    at process.processTicksAndRejections (node:internal/process/task_queues:95:5)
[error] 
[error] Error: There was an error deploying functions
[debug] [2026-02-13T15:47:50.673Z] ----------------------------------------------------------------------
[debug] [2026-02-13T15:47:50.678Z] Command:       /Users/rambodrad/.nvm/versions/node/v20.19.5/bin/node /Users/rambodrad/.nvm/versions/node/v20.19.5/bin/firebase deploy --only functions --project quotechemfb --debug
[debug] [2026-02-13T15:47:50.678Z] CLI Version:   14.15.2
[debug] [2026-02-13T15:47:50.679Z] Platform:      darwin
[debug] [2026-02-13T15:47:50.679Z] Node Version:  v20.19.5
[debug] [2026-02-13T15:47:50.679Z] Time:          Fri Feb 13 2026 08:47:50 GMT-0700 (Mountain Standard Time)
[debug] [2026-02-13T15:47:50.679Z] ----------------------------------------------------------------------
[debug] 
[debug] [2026-02-13T15:47:50.778Z] > command requires scopes: ["email","openid","https://www.googleapis.com/auth/cloudplatformprojects.readonly","https://www.googleapis.com/auth/firebase","https://www.googleapis.com/auth/cloud-platform"]
[debug] [2026-02-13T15:47:50.780Z] > authorizing via signed-in user (quotes@quotechem.com)
[debug] [2026-02-13T15:47:50.780Z] [iam] checking project quotechemfb for permissions ["cloudfunctions.functions.create","cloudfunctions.functions.delete","cloudfunctions.functions.get","cloudfunctions.functions.list","cloudfunctions.functions.update","cloudfunctions.operations.get","firebase.projects.get"]
[debug] [2026-02-13T15:47:50.780Z] Checked if tokens are valid: true, expires at: 1770999697476
[debug] [2026-02-13T15:47:50.781Z] Checked if tokens are valid: true, expires at: 1770999697476
[debug] [2026-02-13T15:47:50.781Z] >>> [apiv2][query] POST https://cloudresourcemanager.googleapis.com/v1/projects/quotechemfb:testIamPermissions [none]
[debug] [2026-02-13T15:47:50.781Z] >>> [apiv2][(partial)header] POST https://cloudresourcemanager.googleapis.com/v1/projects/quotechemfb:testIamPermissions x-goog-quota-user=projects/quotechemfb
[debug] [2026-02-13T15:47:50.781Z] >>> [apiv2][body] POST https://cloudresourcemanager.googleapis.com/v1/projects/quotechemfb:testIamPermissions {"permissions":["cloudfunctions.functions.create","cloudfunctions.functions.delete","cloudfunctions.functions.get","cloudfunctions.functions.list","cloudfunctions.functions.update","cloudfunctions.operations.get","firebase.projects.get"]}
[debug] [2026-02-13T15:47:50.996Z] <<< [apiv2][status] POST https://cloudresourcemanager.googleapis.com/v1/projects/quotechemfb:testIamPermissions 200
[debug] [2026-02-13T15:47:50.997Z] <<< [apiv2][body] POST https://cloudresourcemanager.googleapis.com/v1/projects/quotechemfb:testIamPermissions {"permissions":["cloudfunctions.functions.create","cloudfunctions.functions.delete","cloudfunctions.functions.get","cloudfunctions.functions.list","cloudfunctions.functions.update","cloudfunctions.operations.get","firebase.projects.get"]}
[debug] [2026-02-13T15:47:50.997Z] Checked if tokens are valid: true, expires at: 1770999697476
[debug] [2026-02-13T15:47:50.998Z] Checked if tokens are valid: true, expires at: 1770999697476
[debug] [2026-02-13T15:47:50.998Z] >>> [apiv2][query] POST https://iam.googleapis.com/v1/projects/quotechemfb/serviceAccounts/quotechemfb@appspot.gserviceaccount.com:testIamPermissions [none]
[debug] [2026-02-13T15:47:50.998Z] >>> [apiv2][body] POST https://iam.googleapis.com/v1/projects/quotechemfb/serviceAccounts/quotechemfb@appspot.gserviceaccount.com:testIamPermissions {"permissions":["iam.serviceAccounts.actAs"]}
[debug] [2026-02-13T15:47:51.307Z] <<< [apiv2][status] POST https://iam.googleapis.com/v1/projects/quotechemfb/serviceAccounts/quotechemfb@appspot.gserviceaccount.com:testIamPermissions 200
[debug] [2026-02-13T15:47:51.308Z] <<< [apiv2][body] POST https://iam.googleapis.com/v1/projects/quotechemfb/serviceAccounts/quotechemfb@appspot.gserviceaccount.com:testIamPermissions {"permissions":["iam.serviceAccounts.actAs"]}
[info] 
[info] === Deploying to 'quotechemfb'...
[info] 
[info] i  deploying functions 
[debug] [2026-02-13T15:47:51.311Z] Checked if tokens are valid: true, expires at: 1770999697476
[debug] [2026-02-13T15:47:51.311Z] Checked if tokens are valid: true, expires at: 1770999697476
[debug] [2026-02-13T15:47:51.312Z] >>> [apiv2][query] GET https://cloudresourcemanager.googleapis.com/v1/projects/quotechemfb [none]
[debug] [2026-02-13T15:47:51.454Z] <<< [apiv2][status] GET https://cloudresourcemanager.googleapis.com/v1/projects/quotechemfb 200
[debug] [2026-02-13T15:47:51.455Z] <<< [apiv2][body] GET https://cloudresourcemanager.googleapis.com/v1/projects/quotechemfb {"projectNumber":"112525021020","projectId":"quotechemfb","lifecycleState":"ACTIVE","name":"quotechemfb","labels":{"firebase":"enabled","firebase-core":"disabled"},"createTime":"2026-02-12T23:53:38.916557Z","parent":{"type":"organization","id":"915728744440"}}
[info] i  functions: preparing codebase default for deployment 
[info] i  functions: ensuring required API cloudfunctions.googleapis.com is enabled... 
[info] i  functions: ensuring required API cloudbuild.googleapis.com is enabled... 
[info] i  artifactregistry: ensuring required API artifactregistry.googleapis.com is enabled... 
[debug] [2026-02-13T15:47:51.458Z] Checked if tokens are valid: true, expires at: 1770999697476
[debug] [2026-02-13T15:47:51.458Z] Checked if tokens are valid: true, expires at: 1770999697476
[debug] [2026-02-13T15:47:51.459Z] >>> [apiv2][query] GET https://firebase.googleapis.com/v1beta1/projects/quotechemfb/adminSdkConfig [none]
[debug] [2026-02-13T15:47:51.897Z] <<< [apiv2][status] GET https://firebase.googleapis.com/v1beta1/projects/quotechemfb/adminSdkConfig 200
[debug] [2026-02-13T15:47:51.897Z] <<< [apiv2][body] GET https://firebase.googleapis.com/v1beta1/projects/quotechemfb/adminSdkConfig {"projectId":"quotechemfb","storageBucket":"quotechemfb.firebasestorage.app"}
[debug] [2026-02-13T15:47:51.898Z] Checked if tokens are valid: true, expires at: 1770999697476
[debug] [2026-02-13T15:47:51.899Z] Checked if tokens are valid: true, expires at: 1770999697476
[debug] [2026-02-13T15:47:51.899Z] >>> [apiv2][query] GET https://runtimeconfig.googleapis.com/v1beta1/projects/quotechemfb/configs [none]
[debug] [2026-02-13T15:47:52.185Z] <<< [apiv2][status] GET https://runtimeconfig.googleapis.com/v1beta1/projects/quotechemfb/configs 200
[debug] [2026-02-13T15:47:52.186Z] <<< [apiv2][body] GET https://runtimeconfig.googleapis.com/v1beta1/projects/quotechemfb/configs {}
[debug] [2026-02-13T15:47:52.190Z] Validating nodejs source
[warn] ⚠  functions: Runtime Node.js 20 will be deprecated on 2026-04-30 and will be decommissioned on 2026-10-30, after which you will not be able to deploy without upgrading. Consider upgrading now to avoid disruption. See https://cloud.google.com/functions/docs/runtime-support for full details on the lifecycle policy 
[warn] ⚠  functions: package.json indicates an outdated version of firebase-functions. Please upgrade using npm install --save firebase-functions@latest in your functions directory. 
[warn] ⚠  functions: Please note that there will be breaking changes when you upgrade. 
[debug] [2026-02-13T15:47:52.749Z] > [functions] package.json contents: {
  "name": "functions",
  "description": "Cloud Functions for Firebase",
  "scripts": {
    "serve": "firebase emulators:start --only functions",
    "shell": "firebase functions:shell",
    "start": "npm run shell",
    "deploy": "firebase deploy --only functions",
    "logs": "firebase functions:log"
  },
  "engines": {
    "node": "20"
  },
  "main": "index.js",
  "dependencies": {
    "firebase-admin": "^12.5.0",
    "firebase-functions": "^5.1.1",
    "fireblocks-sdk": "^5.38.0",
    "xrpl": "^4.4.0"
  },
  "devDependencies": {
    "firebase-functions-test": "^3.1.0"
  },
  "private": true,
  "type": "module"
}
[debug] [2026-02-13T15:47:52.749Z] Building nodejs source
[info] i  functions: Loading and analyzing source code for codebase default to determine what to deploy 
[debug] [2026-02-13T15:47:52.750Z] Could not find functions.yaml. Must use http discovery
[debug] [2026-02-13T15:47:52.760Z] Found firebase-functions binary at '/Users/rambodrad/quotechem/functions/node_modules/.bin/firebase-functions'
[info] Serving at port 8607

[debug] [2026-02-13T15:47:53.189Z] Got response from /__/functions.yaml {"endpoints":{"runStartupDiagnostics":{"availableMemoryMb":null,"timeoutSeconds":null,"minInstances":null,"maxInstances":null,"ingressSettings":null,"concurrency":null,"serviceAccountEmail":null,"vpc":null,"platform":"gcfv2","region":["us-central1"],"labels":{},"callableTrigger":{},"entryPoint":"runStartupDiagnostics"}},"specVersion":"v1alpha1","requiredAPIs":[],"extensions":{}}
[info] i  extensions: ensuring required API firebaseextensions.googleapis.com is enabled... 
[debug] [2026-02-13T15:47:57.222Z] > command requires scopes: ["email","openid","https://www.googleapis.com/auth/cloudplatformprojects.readonly","https://www.googleapis.com/auth/firebase","https://www.googleapis.com/auth/cloud-platform"]
[debug] [2026-02-13T15:47:57.222Z] > authorizing via signed-in user (quotes@quotechem.com)
[debug] [2026-02-13T15:47:57.223Z] [iam] checking project quotechemfb for permissions ["firebase.projects.get","firebaseextensions.instances.list"]
[debug] [2026-02-13T15:47:57.223Z] Checked if tokens are valid: true, expires at: 1770999697476
[debug] [2026-02-13T15:47:57.223Z] Checked if tokens are valid: true, expires at: 1770999697476
[debug] [2026-02-13T15:47:57.224Z] >>> [apiv2][query] POST https://cloudresourcemanager.googleapis.com/v1/projects/quotechemfb:testIamPermissions [none]
[debug] [2026-02-13T15:47:57.224Z] >>> [apiv2][(partial)header] POST https://cloudresourcemanager.googleapis.com/v1/projects/quotechemfb:testIamPermissions x-goog-quota-user=projects/quotechemfb
[debug] [2026-02-13T15:47:57.224Z] >>> [apiv2][body] POST https://cloudresourcemanager.googleapis.com/v1/projects/quotechemfb:testIamPermissions {"permissions":["firebase.projects.get","firebaseextensions.instances.list"]}
[debug] [2026-02-13T15:47:57.355Z] <<< [apiv2][status] POST https://cloudresourcemanager.googleapis.com/v1/projects/quotechemfb:testIamPermissions 200
[debug] [2026-02-13T15:47:57.356Z] <<< [apiv2][body] POST https://cloudresourcemanager.googleapis.com/v1/projects/quotechemfb:testIamPermissions {"permissions":["firebase.projects.get","firebaseextensions.instances.list"]}
[debug] [2026-02-13T15:47:57.360Z] Checked if tokens are valid: true, expires at: 1770999697476
[debug] [2026-02-13T15:47:57.360Z] Checked if tokens are valid: true, expires at: 1770999697476
[debug] [2026-02-13T15:47:57.361Z] >>> [apiv2][query] GET https://firebaseextensions.googleapis.com/v1beta/projects/quotechemfb/instances pageSize=100&pageToken=
[debug] [2026-02-13T15:47:57.794Z] <<< [apiv2][status] GET https://firebaseextensions.googleapis.com/v1beta/projects/quotechemfb/instances 200
[debug] [2026-02-13T15:47:57.794Z] <<< [apiv2][body] GET https://firebaseextensions.googleapis.com/v1beta/projects/quotechemfb/instances {}
[info] i  functions: preparing functions directory for uploading... 
[info] i  functions: packaged /Users/rambodrad/quotechem/functions (92.47 KB) for uploading 
[debug] [2026-02-13T15:47:57.855Z] Checked if tokens are valid: true, expires at: 1770999697476
[debug] [2026-02-13T15:47:57.855Z] Checked if tokens are valid: true, expires at: 1770999697476
[debug] [2026-02-13T15:47:57.855Z] >>> [apiv2][query] GET https://cloudfunctions.googleapis.com/v1/projects/quotechemfb/locations/-/functions [none]
[debug] [2026-02-13T15:47:58.461Z] <<< [apiv2][status] GET https://cloudfunctions.googleapis.com/v1/projects/quotechemfb/locations/-/functions 200
[debug] [2026-02-13T15:47:58.462Z] <<< [apiv2][body] GET https://cloudfunctions.googleapis.com/v1/projects/quotechemfb/locations/-/functions {}
[debug] [2026-02-13T15:47:58.462Z] Checked if tokens are valid: true, expires at: 1770999697476
[debug] [2026-02-13T15:47:58.462Z] Checked if tokens are valid: true, expires at: 1770999697476
[debug] [2026-02-13T15:47:58.463Z] >>> [apiv2][query] GET https://cloudfunctions.googleapis.com/v2/projects/quotechemfb/locations/-/functions filter=environment%3D%22GEN_2%22
[debug] [2026-02-13T15:47:59.065Z] <<< [apiv2][status] GET https://cloudfunctions.googleapis.com/v2/projects/quotechemfb/locations/-/functions 200
[debug] [2026-02-13T15:47:59.065Z] <<< [apiv2][body] GET https://cloudfunctions.googleapis.com/v2/projects/quotechemfb/locations/-/functions {"functions":[{"name":"projects/quotechemfb/locations/us-central1/functions/runStartupDiagnostics","buildConfig":{"build":"projects/112525021020/locations/us-central1/builds/077dde02-6896-43a5-bb8a-f1911fe79235","runtime":"nodejs20","entryPoint":"runStartupDiagnostics","source":{"storageSource":{"bucket":"gcf-v2-sources-112525021020-us-central1","object":"runStartupDiagnostics/function-source.zip","generation":"1770996155834793"}},"environmentVariables":{"GOOGLE_NODE_RUN_SCRIPTS":""},"dockerRepository":"projects/quotechemfb/locations/us-central1/repositories/gcf-artifacts","sourceProvenance":{"resolvedStorageSource":{"bucket":"gcf-v2-sources-112525021020-us-central1","object":"runStartupDiagnostics/function-source.zip","generation":"1770996155834793"}},"dockerRegistry":"ARTIFACT_REGISTRY","serviceAccount":"projects/quotechemfb/serviceAccounts/112525021020-compute@developer.gserviceaccount.com","automaticUpdatePolicy":{}},"state":"FAILED","updateTime":"2026-02-13T15:23:23.293957703Z","labels":{"deployment-tool":"cli-firebase","deployment-callable":"true","firebase-functions-hash":"205968b62a61f9b16bf39ca21353d43cd9d20862"},"stateMessages":[{"severity":"ERROR","type":"CloudRunServiceNotFound","message":"Cloud Run service projects/quotechemfb/locations/us-central1/services/runstartupdiagnostics for the function was not found. The function will not work correctly. Please redeploy."}],"environment":"GEN_2","url":"https://us-central1-quotechemfb.cloudfunctions.net/runStartupDiagnostics","createTime":"2026-02-13T15:22:36.811377494Z","satisfiesPzi":true}]}
[info] i  functions: ensuring required API run.googleapis.com is enabled... 
[info] i  functions: ensuring required API eventarc.googleapis.com is enabled... 
[info] i  functions: ensuring required API pubsub.googleapis.com is enabled... 
[info] i  functions: ensuring required API storage.googleapis.com is enabled... 
[info] i  functions: generating the service identity for pubsub.googleapis.com... 
[debug] [2026-02-13T15:47:59.071Z] Checked if tokens are valid: true, expires at: 1770999697476
[debug] [2026-02-13T15:47:59.071Z] Checked if tokens are valid: true, expires at: 1770999697476
[info] i  functions: generating the service identity for eventarc.googleapis.com... 
[debug] [2026-02-13T15:47:59.071Z] Checked if tokens are valid: true, expires at: 1770999697476
[debug] [2026-02-13T15:47:59.071Z] Checked if tokens are valid: true, expires at: 1770999697476
[debug] [2026-02-13T15:47:59.071Z] >>> [apiv2][query] POST https://serviceusage.googleapis.com/v1beta1/projects/112525021020/services/pubsub.googleapis.com:generateServiceIdentity [none]
[debug] [2026-02-13T15:47:59.071Z] >>> [apiv2][(partial)header] POST https://serviceusage.googleapis.com/v1beta1/projects/112525021020/services/pubsub.googleapis.com:generateServiceIdentity x-goog-quota-user=projects/112525021020
[debug] [2026-02-13T15:47:59.071Z] >>> [apiv2][body] POST https://serviceusage.googleapis.com/v1beta1/projects/112525021020/services/pubsub.googleapis.com:generateServiceIdentity {}
[debug] [2026-02-13T15:47:59.073Z] >>> [apiv2][query] POST https://serviceusage.googleapis.com/v1beta1/projects/112525021020/services/eventarc.googleapis.com:generateServiceIdentity [none]
[debug] [2026-02-13T15:47:59.073Z] >>> [apiv2][(partial)header] POST https://serviceusage.googleapis.com/v1beta1/projects/112525021020/services/eventarc.googleapis.com:generateServiceIdentity x-goog-quota-user=projects/112525021020
[debug] [2026-02-13T15:47:59.073Z] >>> [apiv2][body] POST https://serviceusage.googleapis.com/v1beta1/projects/112525021020/services/eventarc.googleapis.com:generateServiceIdentity {}
[debug] [2026-02-13T15:47:59.508Z] <<< [apiv2][status] POST https://serviceusage.googleapis.com/v1beta1/projects/112525021020/services/pubsub.googleapis.com:generateServiceIdentity 200
[debug] [2026-02-13T15:47:59.508Z] <<< [apiv2][body] POST https://serviceusage.googleapis.com/v1beta1/projects/112525021020/services/pubsub.googleapis.com:generateServiceIdentity {"name":"operations/finished.DONE_OPERATION","done":true,"response":{"@type":"type.googleapis.com/google.api.serviceusage.v1beta1.ServiceIdentity","email":"service-112525021020@gcp-sa-pubsub.iam.gserviceaccount.com","uniqueId":"102294733369749161414"}}
[debug] [2026-02-13T15:47:59.726Z] <<< [apiv2][status] POST https://serviceusage.googleapis.com/v1beta1/projects/112525021020/services/eventarc.googleapis.com:generateServiceIdentity 200
[debug] [2026-02-13T15:47:59.726Z] <<< [apiv2][body] POST https://serviceusage.googleapis.com/v1beta1/projects/112525021020/services/eventarc.googleapis.com:generateServiceIdentity {"name":"operations/finished.DONE_OPERATION","done":true,"response":{"@type":"type.googleapis.com/google.api.serviceusage.v1beta1.ServiceIdentity","email":"service-112525021020@gcp-sa-eventarc.iam.gserviceaccount.com","uniqueId":"109765467799307950849"}}
[debug] [2026-02-13T15:47:59.727Z] Checked if tokens are valid: true, expires at: 1770999697476
[debug] [2026-02-13T15:47:59.727Z] Checked if tokens are valid: true, expires at: 1770999697476
[debug] [2026-02-13T15:47:59.727Z] >>> [apiv2][query] GET https://cloudresourcemanager.googleapis.com/v1/projects/quotechemfb [none]
[debug] [2026-02-13T15:47:59.850Z] <<< [apiv2][status] GET https://cloudresourcemanager.googleapis.com/v1/projects/quotechemfb 200
[debug] [2026-02-13T15:47:59.850Z] <<< [apiv2][body] GET https://cloudresourcemanager.googleapis.com/v1/projects/quotechemfb {"projectNumber":"112525021020","projectId":"quotechemfb","lifecycleState":"ACTIVE","name":"quotechemfb","labels":{"firebase":"enabled","firebase-core":"disabled"},"createTime":"2026-02-12T23:53:38.916557Z","parent":{"type":"organization","id":"915728744440"}}
[debug] [2026-02-13T15:47:59.850Z] Checked if tokens are valid: true, expires at: 1770999697476
[debug] [2026-02-13T15:47:59.850Z] Checked if tokens are valid: true, expires at: 1770999697476
[debug] [2026-02-13T15:47:59.850Z] >>> [apiv2][query] GET https://compute.googleapis.com/compute/v1/projects/112525021020 [none]
[debug] [2026-02-13T15:48:00.061Z] <<< [apiv2][status] GET https://compute.googleapis.com/compute/v1/projects/112525021020 403
[debug] [2026-02-13T15:48:00.061Z] <<< [apiv2][body] GET https://compute.googleapis.com/compute/v1/projects/112525021020 {"error":{"code":403,"message":"Compute Engine API has not been used in project 112525021020 before or it is disabled. Enable it by visiting https://console.developers.google.com/apis/api/compute.googleapis.com/overview?project=112525021020 then retry. If you enabled this API recently, wait a few minutes for the action to propagate to our systems and retry.","errors":[{"message":"Compute Engine API has not been used in project 112525021020 before or it is disabled. Enable it by visiting https://console.developers.google.com/apis/api/compute.googleapis.com/overview?project=112525021020 then retry. If you enabled this API recently, wait a few minutes for the action to propagate to our systems and retry.","domain":"usageLimits","reason":"accessNotConfigured","extendedHelp":"https://console.developers.google.com"}],"status":"PERMISSION_DENIED","details":[{"@type":"type.googleapis.com/google.rpc.ErrorInfo","reason":"SERVICE_DISABLED","domain":"googleapis.com","metadata":{"consumer":"projects/112525021020","service":"compute.googleapis.com","activationUrl":"https://console.developers.google.com/apis/api/compute.googleapis.com/overview?project=112525021020","serviceTitle":"Compute Engine API","containerInfo":"112525021020"}},{"@type":"type.googleapis.com/google.rpc.LocalizedMessage","locale":"en-US","message":"Compute Engine API has not been used in project 112525021020 before or it is disabled. Enable it by visiting https://console.developers.google.com/apis/api/compute.googleapis.com/overview?project=112525021020 then retry. If you enabled this API recently, wait a few minutes for the action to propagate to our systems and retry."},{"@type":"type.googleapis.com/google.rpc.Help","links":[{"description":"Google developers console API activation","url":"https://console.developers.google.com/apis/api/compute.googleapis.com/overview?project=112525021020"}]}]}}
[debug] [2026-02-13T15:48:00.061Z] unable to look up default compute service account. Falling back to 112525021020-compute@developer.gserviceaccount.com. Error: {"name":"FirebaseError","children":[],"context":{"body":{"error":{"code":403,"message":"Compute Engine API has not been used in project 112525021020 before or it is disabled. Enable it by visiting https://console.developers.google.com/apis/api/compute.googleapis.com/overview?project=112525021020 then retry. If you enabled this API recently, wait a few minutes for the action to propagate to our systems and retry.","errors":[{"message":"Compute Engine API has not been used in project 112525021020 before or it is disabled. Enable it by visiting https://console.developers.google.com/apis/api/compute.googleapis.com/overview?project=112525021020 then retry. If you enabled this API recently, wait a few minutes for the action to propagate to our systems and retry.","domain":"usageLimits","reason":"accessNotConfigured","extendedHelp":"https://console.developers.google.com"}],"status":"PERMISSION_DENIED","details":[{"@type":"type.googleapis.com/google.rpc.ErrorInfo","reason":"SERVICE_DISABLED","domain":"googleapis.com","metadata":{"consumer":"projects/112525021020","service":"compute.googleapis.com","activationUrl":"https://console.developers.google.com/apis/api/compute.googleapis.com/overview?project=112525021020","serviceTitle":"Compute Engine API","containerInfo":"112525021020"}},{"@type":"type.googleapis.com/google.rpc.LocalizedMessage","locale":"en-US","message":"Compute Engine API has not been used in project 112525021020 before or it is disabled. Enable it by visiting https://console.developers.google.com/apis/api/compute.googleapis.com/overview?project=112525021020 then retry. If you enabled this API recently, wait a few minutes for the action to propagate to our systems and retry."},{"@type":"type.googleapis.com/google.rpc.Help","links":[{"description":"Google developers console API activation","url":"https://console.developers.google.com/apis/api/compute.googleapis.com/overview?project=112525021020"}]}]}},"response":{"statusCode":403}},"exit":1,"message":"Request to https://compute.googleapis.com/compute/v1/projects/112525021020 had HTTP Error: 403, Compute Engine API has not been used in project 112525021020 before or it is disabled. Enable it by visiting https://console.developers.google.com/apis/api/compute.googleapis.com/overview?project=112525021020 then retry. If you enabled this API recently, wait a few minutes for the action to propagate to our systems and retry.","status":403}
[debug] [2026-02-13T15:48:00.062Z] Checked if tokens are valid: true, expires at: 1770999697476
[debug] [2026-02-13T15:48:00.062Z] Checked if tokens are valid: true, expires at: 1770999697476
[debug] [2026-02-13T15:48:00.062Z] >>> [apiv2][query] GET https://compute.googleapis.com/compute/v1/projects/112525021020 [none]
[debug] [2026-02-13T15:48:00.175Z] <<< [apiv2][status] GET https://compute.googleapis.com/compute/v1/projects/112525021020 403
[debug] [2026-02-13T15:48:00.175Z] <<< [apiv2][body] GET https://compute.googleapis.com/compute/v1/projects/112525021020 {"error":{"code":403,"message":"Compute Engine API has not been used in project 112525021020 before or it is disabled. Enable it by visiting https://console.developers.google.com/apis/api/compute.googleapis.com/overview?project=112525021020 then retry. If you enabled this API recently, wait a few minutes for the action to propagate to our systems and retry.","errors":[{"message":"Compute Engine API has not been used in project 112525021020 before or it is disabled. Enable it by visiting https://console.developers.google.com/apis/api/compute.googleapis.com/overview?project=112525021020 then retry. If you enabled this API recently, wait a few minutes for the action to propagate to our systems and retry.","domain":"usageLimits","reason":"accessNotConfigured","extendedHelp":"https://console.developers.google.com"}],"status":"PERMISSION_DENIED","details":[{"@type":"type.googleapis.com/google.rpc.ErrorInfo","reason":"SERVICE_DISABLED","domain":"googleapis.com","metadata":{"activationUrl":"https://console.developers.google.com/apis/api/compute.googleapis.com/overview?project=112525021020","consumer":"projects/112525021020","containerInfo":"112525021020","serviceTitle":"Compute Engine API","service":"compute.googleapis.com"}},{"@type":"type.googleapis.com/google.rpc.LocalizedMessage","locale":"en-US","message":"Compute Engine API has not been used in project 112525021020 before or it is disabled. Enable it by visiting https://console.developers.google.com/apis/api/compute.googleapis.com/overview?project=112525021020 then retry. If you enabled this API recently, wait a few minutes for the action to propagate to our systems and retry."},{"@type":"type.googleapis.com/google.rpc.Help","links":[{"description":"Google developers console API activation","url":"https://console.developers.google.com/apis/api/compute.googleapis.com/overview?project=112525021020"}]}]}}
[debug] [2026-02-13T15:48:00.175Z] unable to look up default compute service account. Falling back to 112525021020-compute@developer.gserviceaccount.com. Error: {"name":"FirebaseError","children":[],"context":{"body":{"error":{"code":403,"message":"Compute Engine API has not been used in project 112525021020 before or it is disabled. Enable it by visiting https://console.developers.google.com/apis/api/compute.googleapis.com/overview?project=112525021020 then retry. If you enabled this API recently, wait a few minutes for the action to propagate to our systems and retry.","errors":[{"message":"Compute Engine API has not been used in project 112525021020 before or it is disabled. Enable it by visiting https://console.developers.google.com/apis/api/compute.googleapis.com/overview?project=112525021020 then retry. If you enabled this API recently, wait a few minutes for the action to propagate to our systems and retry.","domain":"usageLimits","reason":"accessNotConfigured","extendedHelp":"https://console.developers.google.com"}],"status":"PERMISSION_DENIED","details":[{"@type":"type.googleapis.com/google.rpc.ErrorInfo","reason":"SERVICE_DISABLED","domain":"googleapis.com","metadata":{"activationUrl":"https://console.developers.google.com/apis/api/compute.googleapis.com/overview?project=112525021020","consumer":"projects/112525021020","containerInfo":"112525021020","serviceTitle":"Compute Engine API","service":"compute.googleapis.com"}},{"@type":"type.googleapis.com/google.rpc.LocalizedMessage","locale":"en-US","message":"Compute Engine API has not been used in project 112525021020 before or it is disabled. Enable it by visiting https://console.developers.google.com/apis/api/compute.googleapis.com/overview?project=112525021020 then retry. If you enabled this API recently, wait a few minutes for the action to propagate to our systems and retry."},{"@type":"type.googleapis.com/google.rpc.Help","links":[{"description":"Google developers console API activation","url":"https://console.developers.google.com/apis/api/compute.googleapis.com/overview?project=112525021020"}]}]}},"response":{"statusCode":403}},"exit":1,"message":"Request to https://compute.googleapis.com/compute/v1/projects/112525021020 had HTTP Error: 403, Compute Engine API has not been used in project 112525021020 before or it is disabled. Enable it by visiting https://console.developers.google.com/apis/api/compute.googleapis.com/overview?project=112525021020 then retry. If you enabled this API recently, wait a few minutes for the action to propagate to our systems and retry.","status":403}
[debug] [2026-02-13T15:48:00.177Z] Checked if tokens are valid: true, expires at: 1770999697476
[debug] [2026-02-13T15:48:00.177Z] Checked if tokens are valid: true, expires at: 1770999697476
[debug] [2026-02-13T15:48:00.177Z] >>> [apiv2][query] GET https://cloudbilling.googleapis.com/v1/projects/quotechemfb/billingInfo [none]
[debug] [2026-02-13T15:48:00.491Z] <<< [apiv2][status] GET https://cloudbilling.googleapis.com/v1/projects/quotechemfb/billingInfo 200
[debug] [2026-02-13T15:48:00.491Z] <<< [apiv2][body] GET https://cloudbilling.googleapis.com/v1/projects/quotechemfb/billingInfo {"name":"projects/quotechemfb/billingInfo","projectId":"quotechemfb","billingAccountName":"billingAccounts/01CCBF-492FE0-EEF400","billingEnabled":true}
[info] i  functions: updating Node.js 20 (2nd Gen) function runStartupDiagnostics(us-central1)... 
[debug] [2026-02-13T15:48:00.494Z] Precondition failed. Cannot update a GCFv2 function without storage
[debug] [2026-02-13T15:48:00.495Z] Total Function Deployment time: 0
[debug] [2026-02-13T15:48:00.495Z] 1 Functions Deployed
[debug] [2026-02-13T15:48:00.495Z] 1 Functions Errored
[debug] [2026-02-13T15:48:00.495Z] 0 Function Deployments Aborted
[debug] [2026-02-13T15:48:00.496Z] Average Function Deployment time: 0
[info] 
[info] Functions deploy had errors with the following functions:
	runStartupDiagnostics(us-central1)
[debug] [2026-02-13T15:48:00.496Z] Checked if tokens are valid: true, expires at: 1770999697476
[debug] [2026-02-13T15:48:00.497Z] Checked if tokens are valid: true, expires at: 1770999697476
[debug] [2026-02-13T15:48:00.497Z] >>> [apiv2][query] GET https://artifactregistry.googleapis.com/v1/projects/quotechemfb/locations/us-central1/repositories/gcf-artifacts [none]
[debug] [2026-02-13T15:48:00.739Z] <<< [apiv2][status] GET https://artifactregistry.googleapis.com/v1/projects/quotechemfb/locations/us-central1/repositories/gcf-artifacts 200
[debug] [2026-02-13T15:48:00.739Z] <<< [apiv2][body] GET https://artifactregistry.googleapis.com/v1/projects/quotechemfb/locations/us-central1/repositories/gcf-artifacts {"name":"projects/quotechemfb/locations/us-central1/repositories/gcf-artifacts","format":"DOCKER","description":"This repository is created and used by Cloud Functions for storing function docker images.","labels":{"goog-managed-by":"cloudfunctions"},"createTime":"2026-02-13T15:22:46.147907Z","updateTime":"2026-02-13T15:24:34.502879Z","mode":"STANDARD_REPOSITORY","cleanupPolicies":{"firebase-functions-cleanup":{"id":"firebase-functions-cleanup","action":"DELETE","condition":{"tagState":"ANY","olderThan":"86400s"}}},"vulnerabilityScanningConfig":{"lastEnableTime":"2026-02-13T15:22:37.025594383Z","enablementState":"SCANNING_DISABLED","enablementStateReason":"API containerscanning.googleapis.com is not enabled."},"satisfiesPzi":true,"registryUri":"us-central1-docker.pkg.dev/quotechemfb/gcf-artifacts"}
[debug] [2026-02-13T15:48:00.740Z] Functions deploy failed.
[debug] [2026-02-13T15:48:00.740Z] {}
[debug] [2026-02-13T15:48:00.742Z] Error: Precondition failed
    at Fabricator.updateV2Function (/Users/rambodrad/.nvm/versions/node/v20.19.5/lib/node_modules/firebase-tools/lib/deploy/functions/release/fabricator.js:394:19)
    at Fabricator.updateEndpoint (/Users/rambodrad/.nvm/versions/node/v20.19.5/lib/node_modules/firebase-tools/lib/deploy/functions/release/fabricator.js:160:24)
    at /Users/rambodrad/.nvm/versions/node/v20.19.5/lib/node_modules/firebase-tools/lib/deploy/functions/release/fabricator.js:110:71
    at handle (/Users/rambodrad/.nvm/versions/node/v20.19.5/lib/node_modules/firebase-tools/lib/deploy/functions/release/fabricator.js:89:23)
    at Fabricator.applyChangeset (/Users/rambodrad/.nvm/versions/node/v20.19.5/lib/node_modules/firebase-tools/lib/deploy/functions/release/fabricator.js:110:26)
    at /Users/rambodrad/.nvm/versions/node/v20.19.5/lib/node_modules/firebase-tools/lib/deploy/functions/release/fabricator.js:69:40
    at Array.map (<anonymous>)
    at Fabricator.applyPlan (/Users/rambodrad/.nvm/versions/node/v20.19.5/lib/node_modules/firebase-tools/lib/deploy/functions/release/fabricator.js:68:54)
    at release (/Users/rambodrad/.nvm/versions/node/v20.19.5/lib/node_modules/firebase-tools/lib/deploy/functions/release/index.js:76:31)
    at process.processTicksAndRejections (node:internal/process/task_queues:95:5)
[error] 
[error] Error: There was an error deploying functions
